TransactionAmount,TransactionType,Channel,CustomerAge,CustomerOccupation,TransactionDuration,LoginAttempts,AccountBalance,Cluster
14.09,Debit,ATM,70.0,Doctor,81.0,1.0,5112.21,2
376.24,Debit,ATM,68.0,Doctor,141.0,1.0,13758.91,1
126.29,Debit,Online,19.0,Student,56.0,1.0,1122.35,0
184.5,Debit,Online,26.0,Student,25.000000000000004,1.0,8569.06,1
92.15,Debit,ATM,18.0,Student,172.0,1.0,781.68,0
815.96,Debit,ATM,55.0,Doctor,120.0,1.0,1021.8800000000001,2
190.02,Debit,Online,21.0,Student,173.0,1.0,1528.81,0
781.76,Debit,ATM,26.0,Student,123.0,1.0,189.69,0
166.99,Debit,Online,18.0,Student,134.0,1.0,299.93,0
465.45,Debit,ATM,36.0,Engineer,129.0,1.0,3465.54,0
492.93,Debit,Online,39.0,Engineer,234.0,1.0,5109.97,0
59.32,Debit,Branch,71.0,Retired,37.99999999999999,1.0,5750.89,2
85.77,Debit,Branch,38.0,Doctor,93.0,1.0,9146.19,1
52.2,Debit,Online,39.0,Engineer,120.0,1.0,8974.93,1
145.54,Debit,Online,21.0,Student,96.0,1.0,1930.96,0
40.32,Debit,Branch,37.0,Engineer,95.0,1.0,2686.52,0
127.45,Debit,Online,44.0,Doctor,197.0,1.0,1772.06,0
56.17,Debit,Branch,27.0,Student,283.0,1.0,1351.69,0
59.12,Debit,ATM,29.0,Doctor,257.0,1.0,9823.64,1
877.81,Debit,Online,22.0,Student,150.0,1.0,399.0,0
124.76,Debit,Branch,49.0,Engineer,45.0,1.0,5764.72,2
78.13,Debit,Branch,26.0,Student,145.0,1.0,900.61,0
649.28,Debit,ATM,75.0,Retired,137.0,1.0,4875.86,2
335.63,Debit,Online,55.0,Retired,215.99999999999997,1.0,1019.39,2
328.47,Debit,ATM,63.0,Retired,119.0,1.0,4323.66,2
34.02,Debit,Online,38.0,Doctor,18.999999999999996,1.0,14214.48,1
55.32,Debit,ATM,19.0,Student,117.0,1.0,241.79000000000002,0
304.31,Debit,Branch,27.0,Student,33.0,1.0,868.61,0
435.27,Debit,Branch,74.0,Retired,90.0,1.0,4673.28,2
164.49,Debit,Branch,26.0,Student,75.0,1.0,1509.27,0
510.23999999999995,Debit,Online,19.0,Student,105.0,1.0,781.7,0
626.9,Debit,Online,26.0,Student,138.0,1.0,265.51,0
424.56,Debit,Online,51.0,Engineer,264.0,1.0,5183.85,2
85.43,Debit,Branch,67.0,Doctor,145.0,1.0,14904.9,1
169.5,Debit,Branch,28.0,Student,142.0,1.0,918.8799999999999,0
104.63,Debit,ATM,62.0,Retired,90.0,1.0,4477.78,2
316.95,Debit,Branch,25.0,Student,83.0,1.0,1324.03,0
386.52,Debit,Branch,48.0,Engineer,28.0,1.0,5630.61,2
112.07,Debit,Branch,23.0,Student,51.00000000000001,1.0,930.3,0
568.52,Debit,ATM,46.0,Engineer,151.99999999999997,1.0,5499.91,2
349.64,Debit,Online,48.0,Engineer,226.0,1.0,6651.62,1
5.77,Debit,Online,50.0,Doctor,123.99999999999999,1.0,13988.12,1
298.42,Debit,Branch,56.0,Retired,225.0,1.0,3014.75,2
521.06,Debit,Branch,25.0,Student,128.0,1.0,1951.42,0
133.55,Debit,ATM,44.0,Engineer,220.0,1.0,3846.2800000000007,2
143.21,Debit,Online,35.0,Engineer,135.0,1.0,6374.82,1
24.77,Debit,ATM,62.0,Retired,55.0,1.0,5866.01,2
232.12,Debit,ATM,37.0,Engineer,51.00000000000001,1.0,6689.87,1
162.63,Debit,Online,22.0,Student,113.0,1.0,634.17,0
91.53,Debit,Branch,44.0,Doctor,69.00000000000001,1.0,14676.05,1
120.29,Debit,Branch,19.0,Student,77.0,1.0,1362.39,0
174.25,Debit,Online,50.0,Doctor,67.0,1.0,10528.34,1
183.71,Debit,ATM,38.0,Engineer,102.0,1.0,552.52,0
259.91,Debit,Online,49.0,Doctor,170.0,1.0,7176.86,1
154.71,Debit,Online,34.0,Doctor,157.0,1.0,1523.72,0
24.56,Debit,Branch,64.0,Doctor,69.00000000000001,1.0,9869.93,1
568.07,Debit,ATM,48.0,Doctor,115.0,1.0,10556.81,1
392.96,Debit,Online,24.0,Student,100.00000000000001,1.0,791.65,0
230.66,Debit,Branch,21.0,Student,135.0,1.0,618.05,0
442.12,Debit,Online,19.0,Student,260.0,1.0,1375.8,0
644.17,Debit,ATM,29.0,Engineer,72.0,1.0,1143.52,0
25.36,Debit,ATM,57.0,Engineer,78.0,1.0,201.04,2
147.62,Debit,Branch,71.0,Retired,133.0,1.0,2115.8,2
115.02,Debit,Branch,37.0,Doctor,175.0,1.0,7643.66,1
383.37,Debit,Branch,30.0,Engineer,24.0,1.0,8901.93,1
196.16,Debit,Branch,27.0,Engineer,146.0,1.0,9418.86,1
129.94,Debit,ATM,32.0,Engineer,235.0,1.0,7954.919999999999,1
306.9,Debit,Online,46.0,Engineer,51.00000000000001,1.0,9418.08,1
114.98,Debit,Online,59.0,Retired,80.0,1.0,6144.68,2
756.59,Debit,Branch,27.0,Student,17.0,1.0,420.65,0
503.76000000000005,Debit,Online,22.0,Student,35.0,1.0,447.82,0
143.03,Debit,ATM,63.0,Retired,147.0,1.0,7981.450000000001,2
245.54,Debit,ATM,25.0,Student,180.0,1.0,985.0600000000001,0
327.86,Debit,Online,40.0,Engineer,104.0,1.0,480.16,0
2.5,Debit,Online,47.0,Doctor,107.0,1.0,12145.27,1
407.65,Debit,Online,26.0,Engineer,61.99999999999999,1.0,8346.64,1
115.83,Debit,Branch,39.0,Engineer,167.0,1.0,6481.04,1
53.57,Debit,ATM,69.0,Retired,121.0,1.0,1651.33,2
317.87,Debit,Online,27.0,Student,91.0,1.0,145.5,0
331.65,Debit,Online,41.0,Engineer,61.00000000000001,1.0,4172.57,0
5.04,Debit,ATM,56.0,Retired,41.0,1.0,5558.36,2
598.81,Debit,Branch,57.0,Doctor,158.0,1.0,1415.52,2
841.28,Debit,Online,26.0,Student,80.0,1.0,1103.64,0
38.15,Debit,Online,26.0,Student,107.99999999999999,1.0,303.68,0
124.72,Debit,Branch,33.0,Engineer,105.0,1.0,6309.8,1
208.04,Debit,Online,47.0,Engineer,273.0,1.0,9344.98,1
381.33,Debit,ATM,56.0,Doctor,75.0,1.0,11835.35,1
16.16,Debit,ATM,50.0,Doctor,123.99999999999999,1.0,14401.17,1
486.0799999999999,Debit,Online,18.0,Student,68.00000000000001,1.0,1748.69,0
336.39,Debit,Branch,21.0,Student,18.0,1.0,1000.46,0
234.57,Debit,Online,23.0,Student,120.0,1.0,263.98,0
6.0,Debit,Online,30.0,Doctor,246.0,1.0,5442.76,0
227.14,Debit,ATM,18.0,Student,294.0,1.0,341.94,0
45.85,Debit,ATM,20.0,Student,91.99999999999999,1.0,1659.15,0
415.5,Debit,ATM,66.0,Doctor,141.0,1.0,10113.66,1
265.76,Debit,Online,54.0,Retired,91.99999999999999,1.0,4446.17,2
69.4,Debit,Online,80.0,Retired,113.0,1.0,6452.77,2
267.9,Debit,Online,20.0,Student,160.0,1.0,596.1599999999999,0
496.0299999999999,Debit,Branch,61.0,Doctor,265.0,1.0,12904.66,1
376.26,Debit,ATM,37.0,Engineer,245.0,1.0,9062.4,1
35.76,Debit,Branch,23.0,Student,122.0,1.0,611.8599999999999,0
28.53,Debit,Online,62.0,Doctor,99.0,1.0,8670.53,2
307.57,Debit,Branch,33.0,Doctor,285.0,1.0,5307.74,0
74.86,Debit,Branch,70.0,Doctor,125.0,1.0,6921.48,2
117.97,Debit,Branch,51.0,Retired,137.0,1.0,1475.46,2
231.91,Debit,ATM,34.0,Engineer,165.0,1.0,112.76,0
126.20999999999998,Debit,Branch,75.0,Retired,268.0,1.0,5669.66,2
304.35,Debit,Branch,31.0,Engineer,36.0,1.0,4057.1,0
281.85,Debit,ATM,22.0,Student,109.0,1.0,1585.98,0
777.88,Debit,Branch,31.0,Engineer,17.0,1.0,6825.55,1
119.18,Debit,Branch,56.0,Retired,96.0,1.0,5516.5,2
177.19,Debit,Online,76.0,Retired,43.0,1.0,5343.3,2
260.88,Debit,Branch,22.0,Student,36.0,1.0,903.05,0
169.47,Debit,Online,24.0,Student,18.999999999999996,1.0,1806.16,0
73.23,Debit,Branch,26.0,Student,14.0,1.0,787.7399999999999,0
792.57,Debit,ATM,19.0,Student,164.0,1.0,770.37,0
237.06,Debit,Online,71.0,Retired,45.99999999999999,1.0,1182.77,2
740.25,Debit,Online,41.0,Doctor,123.0,1.0,14464.3,1
453.54,Debit,ATM,58.0,Doctor,82.0,1.0,12046.3,1
300.47,Debit,Branch,73.0,Retired,100.00000000000001,1.0,7885.64,2
201.69,Debit,ATM,59.0,Doctor,299.0,1.0,7328.52,2
399.21,Debit,ATM,59.0,Engineer,109.0,1.0,3210.39,2
630.36,Debit,ATM,62.0,Retired,52.00000000000001,1.0,1363.65,2
215.9,Debit,ATM,38.0,Doctor,235.0,1.0,7873.280000000001,1
488.54,Debit,Branch,52.0,Engineer,132.0,1.0,7486.63,1
199.39,Debit,Branch,69.0,Retired,165.0,1.0,7264.79,2
20.36,Debit,Branch,62.0,Retired,75.0,1.0,2762.48,2
113.64,Debit,Online,62.0,Retired,32.0,1.0,6675.03,2
493.11,Debit,Branch,53.0,Retired,236.0,1.0,7432.99,1
307.41,Debit,ATM,19.0,Student,14.0,1.0,1057.0,0
11.18,Debit,Online,43.0,Doctor,161.0,1.0,5956.89,1
313.82,Debit,Branch,59.0,Engineer,151.0,1.0,7261.59,2
51.0,Debit,Branch,64.0,Retired,107.0,1.0,4943.16,2
140.98,Debit,Branch,60.0,Engineer,100.00000000000001,1.0,8127.4800000000005,2
288.04,Debit,ATM,68.0,Retired,63.0,1.0,1748.02,2
800.55,Debit,ATM,31.0,Engineer,107.99999999999999,1.0,9660.22,1
485.54,Debit,ATM,46.0,Engineer,143.0,1.0,6371.51,1
521.15,Debit,ATM,54.0,Doctor,214.0,1.0,9442.47,1
304.93,Debit,ATM,65.0,Doctor,158.0,1.0,13531.22,1
432.08,Debit,ATM,40.0,Doctor,145.0,1.0,11500.62,1
694.2,Debit,ATM,61.0,Retired,72.0,1.0,1389.37,2
116.86,Debit,ATM,55.0,Engineer,171.0,1.0,6706.56,2
74.88,Debit,ATM,25.0,Student,202.0,1.0,420.67,0
195.76,Debit,Branch,75.0,Retired,99.0,1.0,7323.53,2
134.7,Debit,ATM,50.0,Doctor,106.0,1.0,8395.85,1
361.27,Debit,ATM,63.0,Doctor,180.0,1.0,7945.57,2
131.56,Debit,Branch,44.0,Doctor,42.00000000000001,1.0,5873.54,1
547.87,Debit,ATM,64.0,Retired,131.0,1.0,6155.76,2
457.3,Debit,Online,28.0,Engineer,15.0,1.0,8318.29,1
506.24,Debit,ATM,58.0,Engineer,64.0,1.0,230.09,2
486.59,Debit,Branch,57.0,Retired,119.0,1.0,2513.56,2
163.68,Debit,Branch,41.0,Doctor,292.0,1.0,10090.05,1
581.65,Debit,ATM,22.0,Student,176.0,1.0,480.19000000000005,0
52.01,Debit,ATM,48.0,Doctor,85.0,1.0,1120.88,2
630.24,Debit,ATM,21.0,Student,61.99999999999999,1.0,370.81,0
523.74,Debit,ATM,43.0,Doctor,159.0,1.0,13498.55,1
91.48,Debit,ATM,51.0,Doctor,141.0,1.0,14942.779999999999,1
5.25,Debit,ATM,39.0,Doctor,49.0,1.0,14143.32,1
736.73,Debit,Branch,48.0,Engineer,10.0,1.0,3313.07,2
368.91,Debit,Branch,54.0,Doctor,14.0,1.0,829.7099999999999,2
177.08,Debit,Online,35.0,Doctor,85.0,1.0,13475.14,1
588.54,Debit,Branch,32.0,Engineer,130.0,1.0,714.4499999999999,0
173.5,Debit,ATM,21.0,Student,282.0,1.0,1306.91,0
40.66,Debit,Branch,59.0,Retired,156.0,1.0,1153.84,2
34.07,Debit,Branch,22.0,Student,81.0,1.0,8709.77,1
492.06000000000006,Debit,Online,23.0,Student,74.0,1.0,857.9,0
73.55,Debit,ATM,51.0,Engineer,158.0,1.0,2812.06,2
760.53,Debit,Online,57.0,Engineer,118.0,1.0,6179.91,2
371.69,Debit,Branch,67.0,Retired,143.0,1.0,3484.32,2
218.96,Debit,ATM,18.0,Student,13.0,1.0,754.21,0
227.39,Debit,Online,18.0,Student,65.0,1.0,751.09,0
186.6,Debit,Online,58.0,Doctor,13.0,1.0,1508.72,2
341.15,Debit,Online,18.0,Student,148.0,1.0,511.36999999999995,0
434.58,Debit,ATM,59.0,Doctor,215.0,1.0,12648.32,1
75.15,Debit,ATM,23.0,Student,154.0,1.0,1092.92,0
23.3,Debit,ATM,59.0,Engineer,161.0,1.0,6711.15,2
512.81,Debit,Branch,79.0,Retired,30.0,1.0,6994.34,2
488.15000000000003,Debit,Branch,43.0,Engineer,168.00000000000003,1.0,7071.09,1
12.82,Debit,ATM,44.0,Engineer,156.0,1.0,9045.19,1
535.91,Debit,Online,43.0,Engineer,22.0,1.0,9642.12,1
97.98,Debit,Branch,72.0,Retired,18.0,1.0,7460.329999999999,2
196.08,Debit,Online,61.0,Retired,98.0,1.0,4233.82,2
251.18000000000004,Debit,ATM,42.0,Engineer,246.0,1.0,8303.9,1
44.52,Debit,Online,28.0,Student,205.0,1.0,314.28,0
178.87,Debit,Online,35.0,Doctor,180.0,1.0,5241.23,0
386.68,Debit,Branch,46.0,Doctor,128.0,1.0,6863.06,1
167.14,Debit,Online,76.0,Retired,20.0,1.0,3877.7299999999996,2
345.22,Debit,Branch,69.0,Retired,253.0,1.0,4046.5800000000004,2
74.85,Debit,ATM,72.0,Retired,117.0,1.0,2409.73,2
671.73,Debit,Branch,58.0,Engineer,53.99999999999999,1.0,5211.88,2
255.03999999999996,Debit,ATM,45.0,Engineer,151.99999999999997,1.0,6217.86,1
45.77,Debit,Online,25.0,Student,109.0,1.0,5978.12,0
11.92,Debit,Branch,53.0,Doctor,52.00000000000001,1.0,14611.9,1
47.42,Debit,ATM,64.0,Doctor,28.0,1.0,8253.52,2
35.99,Debit,Branch,63.0,Retired,129.0,1.0,4489.79,2
48.72,Debit,Branch,21.0,Student,17.0,1.0,816.0799999999999,0
43.46,Debit,ATM,25.0,Student,80.0,1.0,578.06,0
443.79,Debit,ATM,53.0,Retired,87.0,1.0,3133.85,2
365.14,Debit,Online,68.0,Retired,57.0,1.0,5894.09,2
757.41,Debit,ATM,22.0,Student,37.0,1.0,9532.42,1
20.54,Debit,Branch,51.0,Engineer,72.0,1.0,5327.03,2
475.36,Debit,ATM,34.0,Engineer,105.0,1.0,2000.6,0
34.74,Debit,ATM,56.0,Retired,24.0,1.0,6827.57,2
689.54,Debit,Branch,27.0,Student,93.0,1.0,1633.76,0
211.18,Debit,ATM,73.0,Retired,90.0,1.0,4069.1699999999996,2
61.43,Debit,Online,24.0,Student,170.0,1.0,1882.77,0
167.44,Debit,Branch,37.0,Doctor,82.0,1.0,12526.71,1
361.46,Debit,Online,21.0,Student,83.0,1.0,4737.84,0
378.85,Debit,Branch,78.0,Retired,126.0,1.0,2300.53,2
241.10999999999999,Debit,Branch,30.0,Doctor,55.0,1.0,12385.05,1
20.28,Debit,Online,36.0,Engineer,213.0,1.0,2047.83,0
415.88,Debit,Branch,70.0,Doctor,170.0,1.0,10008.33,2
49.99,Debit,ATM,62.0,Retired,139.0,1.0,2299.64,2
100.66,Debit,Branch,50.0,Doctor,144.0,1.0,14473.33,1
485.54,Debit,Online,19.0,Student,148.0,1.0,1533.32,0
321.15,Debit,Branch,46.0,Doctor,179.0,1.0,7005.05,1
711.3,Debit,Branch,21.0,Student,51.00000000000001,1.0,955.4,0
12.23,Debit,ATM,42.0,Engineer,139.0,1.0,7844.880000000001,1
350.94,Debit,ATM,20.0,Student,64.0,1.0,221.56,0
301.85,Debit,Online,54.0,Engineer,25.000000000000004,1.0,6586.19,2
29.34,Debit,Online,65.0,Retired,30.0,1.0,3944.82,2
231.71,Debit,Branch,27.0,Student,148.0,1.0,1127.98,0
179.43,Debit,ATM,58.0,Retired,244.0,1.0,2626.63,2
36.71,Debit,Branch,48.0,Doctor,55.0,1.0,6459.38,1
233.24,Debit,ATM,33.0,Engineer,72.0,1.0,6939.23,1
609.14,Debit,ATM,39.0,Engineer,177.0,1.0,9033.87,1
436.64,Debit,Branch,31.0,Doctor,111.0,1.0,14365.18,1
870.43,Debit,Branch,29.0,Doctor,55.0,1.0,10115.18,1
354.4,Debit,ATM,74.0,Retired,128.0,1.0,7358.65,2
22.63,Debit,Online,53.0,Engineer,112.0,1.0,4438.03,2
182.19,Debit,Branch,26.0,Student,53.00000000000001,1.0,1176.1,0
126.81,Debit,Branch,26.0,Engineer,290.0,1.0,5427.98,0
288.17,Debit,Online,37.0,Engineer,50.00000000000001,1.0,3653.11,0
118.77,Debit,Branch,55.0,Engineer,123.0,1.0,2104.82,2
651.82,Debit,ATM,21.0,Student,166.0,1.0,1802.77,0
66.65,Debit,ATM,37.0,Engineer,33.0,1.0,3559.96,0
98.53,Debit,Branch,69.0,Retired,166.0,1.0,3564.8,2
138.95,Debit,Online,71.0,Retired,30.0,1.0,6752.92,2
33.89,Debit,Branch,26.0,Student,177.0,1.0,1444.75,0
23.71,Debit,Branch,58.0,Doctor,164.0,1.0,10788.89,1
26.06,Debit,ATM,65.0,Doctor,283.0,1.0,12893.63,1
17.07,Debit,Branch,27.0,Engineer,44.0,1.0,2798.15,0
703.89,Debit,Online,46.0,Engineer,61.99999999999999,1.0,3583.67,2
26.55,Debit,ATM,77.0,Retired,228.0,1.0,3085.38,2
147.4,Debit,Branch,42.0,Engineer,259.0,1.0,6797.71,1
202.11,Debit,ATM,27.0,Student,18.0,1.0,746.47,0
308.42,Debit,Branch,75.0,Retired,39.0,1.0,5427.81,2
11.18,Debit,ATM,53.0,Engineer,144.0,1.0,7467.300000000001,1
294.15,Debit,Online,38.0,Engineer,136.0,1.0,6362.16,1
29.58,Debit,Branch,54.0,Engineer,121.0,1.0,8345.26,1
139.45,Debit,Online,27.0,Student,30.999999999999996,1.0,1305.76,0
432.63,Debit,ATM,29.0,Doctor,137.0,1.0,13648.36,1
131.43,Debit,Online,43.0,Doctor,65.0,1.0,1337.5,0
516.72,Debit,ATM,42.0,Engineer,128.0,1.0,2015.6900000000003,0
166.13,Debit,ATM,68.0,Doctor,227.0,1.0,11822.53,1
626.9,Debit,ATM,23.0,Student,146.0,1.0,587.1099999999999,0
466.85,Debit,Branch,56.0,Retired,165.0,1.0,5422.53,2
788.84,Debit,Online,58.0,Retired,231.0,1.0,1913.73,2
525.28,Debit,ATM,69.0,Retired,134.0,1.0,4693.6,2
110.17,Debit,ATM,30.0,Engineer,137.0,1.0,464.2,0
632.69,Debit,ATM,80.0,Retired,75.99999999999999,1.0,4363.74,2
124.35,Debit,ATM,72.0,Retired,90.0,1.0,3319.76,2
43.85,Debit,ATM,62.0,Retired,122.0,1.0,4356.98,2
283.81,Debit,Branch,28.0,Student,29.000000000000004,1.0,1519.35,0
168.53,Debit,ATM,71.0,Retired,112.0,1.0,5962.58,2
132.84,Debit,ATM,21.0,Student,143.0,1.0,822.73,0
144.77,Debit,Online,20.0,Student,159.0,1.0,867.3199999999999,0
643.22,Debit,ATM,64.0,Doctor,93.0,1.0,1035.86,2
208.07,Debit,Online,32.0,Doctor,36.0,1.0,8478.9,1
94.3,Debit,Branch,57.0,Doctor,57.0,1.0,11088.95,1
295.5,Debit,ATM,59.0,Retired,36.0,1.0,6280.66,2
30.229999999999997,Debit,ATM,44.0,Doctor,99.0,1.0,481.13,0
180.24,Debit,Branch,58.0,Engineer,144.0,1.0,8431.23,1
96.54,Debit,Branch,58.0,Retired,95.0,1.0,7182.22,2
79.35,Debit,Online,67.0,Retired,70.0,1.0,1692.15,2
101.04,Debit,ATM,27.0,Student,160.0,1.0,1695.57,0
74.42,Debit,Online,49.0,Engineer,68.00000000000001,1.0,6264.21,2
39.66,Debit,Branch,52.0,Engineer,169.0,1.0,8497.34,1
99.36,Debit,ATM,40.0,Doctor,45.99999999999999,1.0,1272.12,0
123.85,Debit,Online,56.0,Engineer,244.0,1.0,3959.62,2
426.93,Debit,ATM,19.0,Student,247.99999999999997,1.0,476.18999999999994,0
222.39,Debit,Online,49.0,Engineer,73.0,1.0,3117.39,2
826.23,Debit,ATM,29.0,Doctor,209.0,1.0,7580.590000000001,1
416.37,Debit,Online,35.0,Engineer,67.0,1.0,7936.91,1
131.46,Debit,Branch,67.0,Retired,258.0,1.0,6642.33,2
268.39,Debit,ATM,26.0,Student,171.0,1.0,136.74,0
712.75,Debit,Branch,44.0,Doctor,25.000000000000004,1.0,8126.0599999999995,1
353.82,Debit,ATM,42.0,Doctor,143.0,1.0,705.7499999999999,0
507.25000000000006,Debit,Branch,73.0,Retired,143.0,1.0,5331.57,2
212.74,Debit,Branch,27.0,Engineer,128.0,1.0,7645.469999999999,1
364.42,Debit,ATM,51.0,Engineer,146.0,1.0,8119.73,1
195.12,Debit,ATM,46.0,Doctor,144.0,1.0,6101.15,1
230.61,Debit,Branch,80.0,Retired,204.0,1.0,2561.42,2
242.03000000000003,Debit,Online,58.0,Engineer,123.99999999999999,1.0,4382.73,2
135.03,Debit,ATM,23.0,Student,180.0,1.0,1278.0,0
193.54,Debit,Branch,80.0,Retired,267.0,1.0,2929.51,2
617.36,Debit,Branch,29.0,Engineer,61.00000000000001,1.0,8926.38,1
266.57,Debit,ATM,72.0,Retired,100.00000000000001,1.0,7676.92,2
153.4,Debit,ATM,45.0,Engineer,144.0,1.0,4657.7,2
5.12,Debit,Branch,34.0,Engineer,90.0,1.0,3293.01,0
119.11,Debit,ATM,57.0,Engineer,131.0,1.0,7998.25,1
119.72,Debit,Branch,30.0,Engineer,123.0,1.0,3435.34,0
107.4,Debit,Online,58.0,Doctor,32.0,1.0,344.07,2
115.92,Debit,ATM,53.0,Retired,57.0,1.0,3897.17,2
438.04,Debit,ATM,67.0,Retired,247.0,1.0,5358.95,2
677.29,Debit,Online,27.0,Engineer,287.0,1.0,627.79,0
296.0,Debit,Branch,35.0,Doctor,247.99999999999997,1.0,7418.82,1
100.52,Debit,ATM,50.0,Engineer,110.0,1.0,453.39,2
85.35,Debit,ATM,66.0,Retired,166.0,1.0,2173.76,2
79.76,Debit,Branch,39.0,Engineer,170.0,1.0,6452.14,1
386.38,Debit,Online,42.0,Engineer,135.0,1.0,5528.36,1
165.25,Debit,Online,35.0,Doctor,106.0,1.0,9939.94,1
14.29,Debit,ATM,34.0,Engineer,150.0,1.0,7016.99,1
92.29,Debit,Branch,54.0,Engineer,115.0,1.0,2026.3199999999997,2
293.97,Debit,Branch,68.0,Retired,153.0,1.0,7371.85,2
136.32,Debit,Online,19.0,Student,113.0,1.0,264.83,0
251.06,Debit,Online,36.0,Doctor,34.0,1.0,10001.66,1
21.4,Debit,Branch,34.0,Engineer,258.0,1.0,9594.11,1
73.28,Debit,Branch,21.0,Student,21.000000000000004,1.0,1329.41,0
70.23,Debit,ATM,38.0,Doctor,260.0,1.0,11624.93,1
689.29,Debit,ATM,22.0,Student,100.00000000000001,1.0,168.84,0
745.03,Debit,Online,28.0,Student,231.0,1.0,160.57,0
54.61,Debit,ATM,58.0,Engineer,160.0,1.0,7135.64,2
54.05,Debit,Branch,27.0,Student,146.0,1.0,469.13999999999993,0
107.47,Debit,Online,67.0,Retired,144.0,1.0,7517.499999999999,2
219.63,Debit,ATM,48.0,Doctor,44.0,1.0,8013.63,1
188.7,Debit,Branch,54.0,Retired,123.0,1.0,5077.06,2
93.52,Debit,Online,51.0,Engineer,97.0,1.0,2791.2,2
376.79,Debit,Branch,68.0,Retired,265.0,1.0,7749.14,2
8.98,Debit,Online,66.0,Retired,56.0,1.0,4516.76,2
697.32,Debit,Online,68.0,Retired,91.0,1.0,2016.0200000000002,2
17.45,Debit,ATM,18.0,Student,88.0,1.0,1959.52,0
442.74,Debit,Branch,23.0,Student,136.0,1.0,1790.27,0
623.9,Debit,ATM,27.0,Student,249.0,1.0,711.4699999999999,0
63.41,Debit,ATM,26.0,Student,36.0,1.0,1546.22,0
346.85,Debit,ATM,44.0,Doctor,88.0,1.0,7208.15,1
7.5,Debit,Online,63.0,Retired,36.0,1.0,6485.78,2
206.46,Debit,ATM,65.0,Retired,279.0,1.0,3984.38,2
423.11,Debit,ATM,60.0,Engineer,47.0,1.0,412.78,2
22.46,Debit,Online,54.0,Retired,78.0,1.0,6631.5,2
334.89,Debit,Online,21.0,Student,260.0,1.0,1661.68,0
144.3,Debit,ATM,18.0,Student,88.0,1.0,312.19,0
366.21,Debit,ATM,62.0,Doctor,181.0,1.0,10862.99,1
99.11,Debit,Online,55.0,Retired,12.0,1.0,5414.87,2
539.35,Debit,ATM,55.0,Retired,127.0,1.0,3919.4399999999996,2
188.99,Debit,Branch,58.0,Engineer,91.99999999999999,1.0,7315.34,2
710.14,Debit,ATM,26.0,Student,227.0,1.0,465.62999999999994,0
308.68,Debit,Online,53.0,Doctor,170.0,1.0,9992.36,1
166.68,Debit,ATM,57.0,Retired,139.0,1.0,5141.19,2
0.99,Debit,ATM,45.0,Engineer,133.0,1.0,4317.85,2
66.58,Debit,Branch,23.0,Student,79.0,1.0,1636.32,0
223.43,Debit,Branch,77.0,Retired,178.0,1.0,7932.410000000001,2
659.95,Debit,Online,60.0,Engineer,114.0,1.0,3927.6900000000005,2
634.86,Debit,ATM,27.0,Student,45.0,1.0,588.4999999999999,0
654.48,Debit,Branch,19.0,Student,114.0,1.0,6776.41,0
157.97,Debit,Branch,48.0,Doctor,140.0,1.0,5529.92,2
120.90000000000002,Debit,Branch,40.0,Doctor,52.00000000000001,1.0,9009.42,1
254.77,Debit,Branch,57.0,Engineer,57.0,1.0,5994.87,2
795.96,Debit,Online,65.0,Retired,119.0,1.0,5468.58,2
149.25,Debit,ATM,39.0,Engineer,142.0,1.0,5677.52,1
493.4200000000001,Debit,Branch,39.0,Engineer,111.0,1.0,2232.84,0
37.57,Debit,ATM,57.0,Retired,42.00000000000001,1.0,7739.54,2
96.89,Debit,ATM,59.0,Retired,53.00000000000001,1.0,6044.93,2
448.33,Debit,ATM,25.0,Student,161.0,1.0,922.19,0
8.65,Debit,Online,48.0,Doctor,273.0,1.0,10778.35,1
65.57,Debit,Online,41.0,Engineer,82.0,1.0,7513.79,1
539.81,Debit,Online,46.0,Engineer,177.0,1.0,2051.25,2
363.53,Debit,ATM,63.0,Retired,142.0,1.0,1038.91,2
358.18,Debit,ATM,18.0,Student,157.0,1.0,619.86,0
167.2,Debit,Branch,30.0,Doctor,84.00000000000001,1.0,11320.83,1
121.90999999999998,Debit,Branch,60.0,Doctor,133.0,1.0,14510.8,1
137.57,Debit,Online,54.0,Engineer,70.0,1.0,5103.67,2
534.62,Debit,Online,55.0,Doctor,45.0,1.0,13793.53,1
463.92,Debit,Online,50.0,Engineer,199.0,1.0,2403.39,2
320.14,Debit,Online,60.0,Retired,96.0,1.0,3075.97,2
214.93,Debit,Online,28.0,Student,52.00000000000001,1.0,7835.4,1
660.02,Debit,Branch,20.0,Student,84.00000000000001,1.0,414.43,0
345.81,Debit,Branch,40.0,Engineer,135.0,1.0,6116.8,1
143.54,Debit,ATM,71.0,Retired,80.0,1.0,6067.62,2
42.55,Debit,Branch,53.0,Engineer,29.000000000000004,1.0,7341.43,1
541.79,Debit,ATM,22.0,Student,125.0,1.0,1454.08,0
40.57,Debit,Branch,26.0,Student,63.0,1.0,1476.91,0
498.66999999999996,Debit,Online,28.0,Student,244.0,1.0,1719.97,0
227.22,Debit,ATM,53.0,Doctor,220.0,1.0,832.82,2
629.82,Debit,ATM,68.0,Retired,159.0,1.0,6385.69,2
59.44,Debit,Online,35.0,Engineer,176.0,1.0,5472.03,0
186.69,Debit,Branch,30.0,Engineer,53.99999999999999,1.0,8602.22,1
230.46,Debit,Online,19.0,Student,179.0,1.0,162.53,0
377.12,Debit,ATM,34.0,Engineer,61.00000000000001,1.0,836.6699999999998,0
420.28,Debit,Branch,35.0,Doctor,144.0,1.0,8557.32,1
124.59,Debit,Branch,27.0,Student,171.0,1.0,129.29,0
73.88,Debit,Online,39.0,Doctor,34.0,1.0,6474.41,1
77.43,Debit,Online,21.0,Student,169.0,1.0,1380.21,0
245.93,Debit,Branch,54.0,Engineer,172.0,1.0,7986.629999999999,1
622.41,Debit,ATM,64.0,Doctor,125.0,1.0,7322.01,2
43.73,Debit,ATM,34.0,Doctor,145.0,1.0,9929.43,1
770.65,Debit,Online,31.0,Doctor,137.0,1.0,7198.8,1
260.31,Debit,Branch,63.0,Doctor,113.0,1.0,10980.38,1
119.89,Debit,ATM,67.0,Doctor,60.00000000000001,1.0,6697.77,2
106.39,Debit,Online,37.0,Doctor,281.0,1.0,9410.99,1
12.04,Debit,Online,37.0,Engineer,58.00000000000001,1.0,6213.32,1
319.85,Debit,ATM,60.0,Doctor,148.0,1.0,711.6599999999999,2
170.53,Debit,Branch,24.0,Student,58.00000000000001,1.0,801.01,0
41.49,Debit,Online,24.0,Student,13.0,1.0,928.33,0
350.46,Debit,Branch,51.0,Retired,165.0,1.0,5839.38,2
33.46,Debit,ATM,72.0,Retired,111.0,1.0,3641.07,2
104.79,Debit,ATM,70.0,Doctor,223.0,1.0,1352.19,2
246.27000000000004,Debit,Online,29.0,Doctor,141.0,1.0,7299.86,1
48.85,Debit,ATM,19.0,Student,176.0,1.0,1503.56,0
332.0,Debit,ATM,69.0,Retired,17.0,1.0,5943.13,2
118.1,Debit,Online,54.0,Engineer,167.0,1.0,895.6599999999999,2
295.64,Debit,Online,21.0,Student,82.0,1.0,1061.96,0
514.33,Debit,Branch,25.0,Student,160.0,1.0,1592.94,0
94.59,Debit,Online,39.0,Doctor,34.0,1.0,6171.89,1
80.43,Debit,Branch,59.0,Retired,157.0,1.0,5987.67,2
54.25,Debit,Online,68.0,Doctor,37.0,1.0,14783.33,1
518.85,Debit,Online,22.0,Student,82.0,1.0,1806.0,0
10.65,Debit,Online,54.0,Doctor,161.0,1.0,13240.72,1
107.03,Debit,Branch,27.0,Student,73.0,1.0,1408.07,0
346.11,Debit,Branch,41.0,Engineer,213.0,1.0,9551.64,1
138.06,Debit,Branch,44.0,Engineer,159.0,1.0,1070.47,0
158.02,Debit,ATM,49.0,Engineer,120.0,1.0,9374.24,1
435.5,Debit,ATM,55.0,Retired,112.0,1.0,6981.03,2
110.49,Debit,Online,57.0,Doctor,48.0,1.0,10483.93,1
329.4,Debit,Online,34.0,Doctor,68.00000000000001,1.0,9588.07,1
635.4,Debit,ATM,47.0,Doctor,106.0,1.0,1238.11,2
769.97,Debit,Branch,22.0,Student,22.999999999999996,1.0,1244.93,0
175.07,Debit,Branch,26.0,Student,169.0,1.0,1040.25,0
7.31,Debit,Branch,78.0,Retired,282.0,1.0,5757.67,2
175.15,Debit,ATM,27.0,Student,32.0,1.0,1712.65,0
121.82000000000001,Debit,Online,60.0,Doctor,119.0,1.0,13293.83,1
56.12,Debit,ATM,30.0,Doctor,102.0,1.0,8839.67,1
35.16,Debit,Branch,32.0,Engineer,130.0,1.0,8459.18,1
35.73,Debit,Branch,65.0,Doctor,87.0,1.0,9073.17,2
3.44,Debit,ATM,78.0,Retired,107.99999999999999,1.0,7561.33,2
115.11,Debit,Online,28.0,Engineer,139.0,1.0,9808.97,1
171.11,Debit,ATM,57.0,Retired,171.0,1.0,6324.09,2
420.76,Debit,Branch,51.0,Retired,75.99999999999999,1.0,6581.55,2
408.46,Debit,Branch,64.0,Retired,28.0,1.0,3140.79,2
580.71,Debit,ATM,53.0,Engineer,95.0,1.0,5670.0,2
253.47,Debit,Branch,20.0,Student,238.0,1.0,220.51,0
22.81,Debit,Online,62.0,Retired,75.0,1.0,3634.76,2
810.36,Debit,ATM,20.0,Student,67.0,1.0,9239.12,1
9.83,Debit,ATM,24.0,Student,86.0,1.0,666.42,0
340.05,Debit,ATM,43.0,Engineer,37.0,1.0,7234.15,1
283.45,Debit,Branch,27.0,Engineer,127.0,1.0,2049.51,0
100.99,Debit,ATM,68.0,Doctor,114.0,1.0,8865.27,2
90.88,Debit,Branch,18.0,Student,176.0,1.0,3908.4700000000003,0
655.15,Debit,ATM,26.0,Engineer,264.0,1.0,5587.44,0
320.55,Debit,Online,50.0,Engineer,118.0,1.0,438.75,2
41.51,Debit,Online,28.0,Student,48.0,1.0,609.5999999999999,0
235.4,Debit,Branch,28.0,Student,70.0,1.0,818.3599999999999,0
159.32,Debit,Branch,18.0,Student,100.00000000000001,1.0,304.44,0
20.22,Debit,ATM,43.0,Engineer,138.0,1.0,5515.32,1
50.4,Debit,Branch,36.0,Doctor,84.00000000000001,1.0,1677.01,0
73.88,Debit,Branch,53.0,Retired,131.0,1.0,4055.55,2
119.61,Debit,ATM,33.0,Doctor,53.00000000000001,1.0,9899.94,1
116.58,Debit,Branch,43.0,Engineer,247.0,1.0,2620.74,0
391.96,Debit,ATM,64.0,Retired,79.0,1.0,2174.16,2
443.68,Debit,ATM,18.0,Student,137.0,1.0,874.1499999999999,0
101.76,Debit,Branch,31.0,Doctor,26.0,1.0,6043.25,1
67.57,Debit,Branch,37.0,Engineer,107.0,1.0,2766.12,0
326.29,Debit,Online,56.0,Engineer,179.0,1.0,8171.259999999999,1
158.56,Debit,ATM,33.0,Doctor,100.00000000000001,1.0,5401.21,0
56.02,Debit,Online,27.0,Student,142.0,1.0,3548.02,0
288.28,Debit,Online,27.0,Student,36.0,1.0,160.83,0
504.63000000000005,Debit,Online,60.0,Engineer,168.00000000000003,1.0,3806.16,2
820.15,Debit,Branch,47.0,Doctor,181.0,1.0,8802.97,1
8.37,Debit,ATM,63.0,Retired,135.0,1.0,1106.34,2
637.97,Debit,Branch,58.0,Retired,90.0,1.0,7949.03,2
13.52,Debit,ATM,26.0,Student,65.0,1.0,259.77,0
432.1,Debit,ATM,49.0,Engineer,240.0,1.0,2114.3,2
642.68,Debit,Branch,50.0,Doctor,94.0,1.0,8461.46,1
139.72,Debit,Branch,49.0,Engineer,201.0,1.0,5058.83,2
499.99,Debit,Branch,31.0,Engineer,296.0,1.0,8885.0,1
10.07,Debit,Online,24.0,Student,49.0,1.0,530.81,0
120.61999999999999,Debit,ATM,23.0,Student,85.0,1.0,9379.53,1
578.49,Debit,Branch,59.0,Retired,180.0,1.0,6475.13,2
280.92,Debit,Online,41.0,Doctor,168.00000000000003,1.0,5298.85,1
42.42,Debit,Online,21.0,Student,102.0,1.0,490.57,0
77.03,Debit,ATM,67.0,Doctor,259.0,1.0,11310.27,1
22.59,Debit,ATM,62.0,Retired,45.0,1.0,3988.75,2
568.76,Debit,ATM,51.0,Retired,155.0,1.0,7484.319999999999,1
105.94,Debit,Branch,51.0,Engineer,207.0,1.0,5963.1,2
183.67,Debit,Online,19.0,Student,238.0,1.0,910.26,0
278.27,Debit,Branch,29.0,Doctor,123.0,1.0,6684.34,1
470.3,Debit,ATM,40.0,Doctor,88.0,1.0,8524.09,1
261.69,Debit,ATM,53.0,Retired,84.00000000000001,1.0,5126.65,2
365.04,Debit,Branch,22.0,Student,94.0,1.0,873.8899999999999,0
211.1,Debit,Branch,57.0,Retired,136.0,1.0,7059.77,2
21.49,Debit,ATM,58.0,Doctor,240.0,1.0,11991.24,1
63.58,Debit,ATM,18.0,Student,199.0,1.0,8086.040000000001,1
321.86,Debit,ATM,63.0,Doctor,167.0,1.0,12626.49,1
12.11,Debit,Branch,75.0,Retired,127.0,1.0,1730.28,2
642.54,Debit,Branch,44.0,Engineer,28.0,1.0,3143.17,2
210.45,Debit,ATM,27.0,Student,146.0,1.0,1242.49,0
99.76,Debit,Branch,26.0,Student,131.0,1.0,416.89,0
115.32,Debit,Branch,53.0,Retired,113.0,1.0,5929.08,2
33.61,Debit,Online,23.0,Student,72.0,1.0,479.08,0
98.81,Debit,Branch,27.0,Student,91.0,1.0,797.1,0
1.8700000000000003,Debit,ATM,65.0,Retired,147.0,1.0,7287.94,2
28.73,Debit,ATM,53.0,Engineer,185.0,1.0,2712.96,2
105.53,Debit,Online,24.0,Student,88.0,1.0,1433.66,0
737.34,Debit,Online,30.0,Doctor,34.0,1.0,7336.56,1
237.86,Debit,ATM,18.0,Student,210.0,1.0,475.62999999999994,0
409.61,Debit,Branch,65.0,Doctor,89.0,1.0,11698.15,1
72.75,Debit,ATM,64.0,Doctor,15.0,1.0,12042.79,1
39.11,Debit,Online,26.0,Student,143.0,1.0,518.54,0
729.38,Debit,ATM,68.0,Doctor,90.0,1.0,9127.65,2
137.49,Debit,ATM,34.0,Engineer,50.00000000000001,1.0,4471.05,0
504.71,Debit,Online,29.0,Engineer,61.00000000000001,1.0,6214.54,0
430.35,Debit,Online,36.0,Doctor,205.0,1.0,354.9,0
230.32,Debit,Branch,35.0,Engineer,56.0,1.0,791.46,0
121.71,Debit,ATM,52.0,Retired,140.0,1.0,5878.89,2
98.87,Debit,Online,20.0,Student,179.0,1.0,533.2,0
117.55,Debit,ATM,24.0,Student,35.0,1.0,897.94,0
244.64,Debit,Branch,30.0,Doctor,103.0,1.0,9159.56,1
321.93,Debit,ATM,45.0,Engineer,12.0,1.0,4392.73,2
283.23,Debit,Online,40.0,Engineer,98.0,1.0,2008.7700000000002,0
346.65,Debit,Online,30.0,Engineer,60.00000000000001,1.0,6356.96,1
381.62,Debit,Online,64.0,Retired,164.0,1.0,6009.12,2
388.65,Debit,ATM,76.0,Retired,43.0,1.0,7896.850000000001,2
29.22,Debit,ATM,24.0,Student,151.0,1.0,1649.43,0
46.75,Debit,Branch,67.0,Retired,150.0,1.0,2840.43,2
348.64,Debit,Online,57.0,Retired,128.0,1.0,3274.96,2
319.17,Debit,Online,73.0,Retired,81.0,1.0,6501.56,2
73.95,Debit,ATM,26.0,Student,75.99999999999999,1.0,363.92,0
389.63,Debit,Online,27.0,Engineer,99.0,1.0,9748.48,1
217.61,Debit,ATM,19.0,Student,45.0,1.0,1404.53,0
199.84,Debit,ATM,21.0,Student,150.0,1.0,706.44,0
56.35,Debit,ATM,44.0,Doctor,75.0,1.0,5095.73,2
142.58,Debit,ATM,33.0,Engineer,145.0,1.0,7844.23,1
333.78,Debit,ATM,60.0,Retired,98.0,1.0,6810.94,2
332.59,Debit,Online,55.0,Retired,143.0,1.0,1457.07,2
236.81,Debit,Branch,22.0,Student,15.0,1.0,813.68,0
319.27,Debit,ATM,50.0,Doctor,150.0,1.0,10269.78,1
384.1,Debit,Branch,42.0,Engineer,172.0,1.0,672.7899999999998,0
79.8,Debit,ATM,73.0,Retired,75.99999999999999,1.0,6372.58,2
46.24,Debit,Branch,57.0,Engineer,52.00000000000001,1.0,2569.56,2
327.8,Debit,ATM,61.0,Doctor,53.99999999999999,1.0,10585.48,1
445.79,Debit,ATM,52.0,Doctor,161.0,1.0,717.9899999999999,2
55.89,Debit,Online,72.0,Retired,150.0,1.0,3689.65,2
158.41,Debit,Branch,28.0,Student,16.0,1.0,1512.16,0
61.970000000000006,Debit,ATM,74.0,Retired,95.0,1.0,7014.69,2
27.21,Debit,ATM,79.0,Retired,102.0,1.0,3520.61,2
173.74,Debit,Online,80.0,Retired,64.0,1.0,4913.42,2
176.11,Debit,Branch,38.0,Engineer,105.0,1.0,9155.35,1
88.4,Debit,Online,46.0,Engineer,174.0,1.0,2567.53,2
567.92,Debit,Online,53.0,Retired,14.0,1.0,3779.4699999999993,2
101.42,Debit,Online,66.0,Retired,146.0,1.0,6530.59,2
300.61,Debit,Online,44.0,Doctor,51.00000000000001,1.0,7895.540000000001,1
265.94,Debit,Online,54.0,Engineer,132.0,1.0,6781.3,2
345.54,Debit,Online,29.0,Engineer,50.00000000000001,1.0,2091.78,0
411.52,Debit,ATM,41.0,Doctor,88.0,1.0,11108.39,1
111.21,Debit,Branch,35.0,Doctor,111.0,1.0,9088.36,1
316.37,Debit,ATM,53.0,Engineer,86.0,1.0,4671.69,2
260.63,Debit,Branch,37.0,Engineer,142.0,1.0,7534.7300000000005,1
92.36,Debit,ATM,29.0,Engineer,144.0,1.0,6353.14,0
262.06,Debit,Branch,63.0,Doctor,118.0,1.0,13587.52,1
64.5,Debit,ATM,74.0,Retired,230.0,1.0,1351.24,2
175.94,Debit,ATM,57.0,Retired,89.0,1.0,3728.0400000000004,2
199.47,Debit,Online,57.0,Doctor,142.0,1.0,6067.44,2
51.07,Debit,Branch,63.0,Retired,133.0,1.0,4292.16,2
435.86,Debit,ATM,56.0,Retired,134.0,1.0,3801.8200000000006,2
628.36,Debit,Online,44.0,Doctor,107.99999999999999,1.0,11869.71,1
268.39,Debit,Online,29.0,Doctor,177.0,1.0,9409.43,1
362.27,Debit,ATM,80.0,Retired,47.0,1.0,6003.59,2
132.36,Debit,Branch,28.0,Student,160.0,1.0,319.65,0
8.65,Debit,ATM,68.0,Retired,198.0,1.0,4201.22,2
178.91,Debit,ATM,18.0,Student,18.999999999999996,1.0,8870.89,1
115.22,Debit,Branch,27.0,Engineer,107.99999999999999,1.0,906.1999999999999,0
161.63,Debit,Online,46.0,Doctor,276.0,1.0,9286.37,1
280.99,Debit,Branch,45.0,Engineer,29.000000000000004,1.0,9733.59,1
24.19,Debit,ATM,29.0,Engineer,28.0,1.0,2756.2,0
586.85,Debit,ATM,36.0,Doctor,86.0,1.0,6655.15,1
372.41,Debit,ATM,55.0,Retired,143.0,1.0,3233.87,2
63.17,Debit,ATM,20.0,Student,148.0,1.0,1676.57,0
383.69,Debit,Online,54.0,Engineer,285.0,1.0,8371.11,1
60.989999999999995,Debit,Branch,34.0,Engineer,58.00000000000001,1.0,7281.46,1
408.19,Debit,Branch,26.0,Engineer,241.0,1.0,6847.47,0
524.6,Debit,Branch,58.0,Doctor,75.99999999999999,1.0,13017.7,1
108.96,Debit,ATM,26.0,Student,247.0,1.0,7597.660000000001,1
70.03,Debit,Branch,63.0,Retired,49.0,1.0,7330.31,2
124.84,Debit,Online,52.0,Retired,79.0,1.0,6711.78,2
324.04,Debit,ATM,54.0,Retired,30.0,1.0,2248.06,2
39.69,Debit,Online,70.0,Retired,163.0,1.0,3524.68,2
193.82,Debit,Branch,37.0,Engineer,176.0,1.0,3886.7699999999995,0
16.73,Debit,Online,79.0,Retired,165.0,1.0,7591.129999999999,2
474.05,Debit,ATM,57.0,Retired,214.0,1.0,1484.31,2
637.75,Debit,Branch,79.0,Retired,151.99999999999997,1.0,4202.92,2
186.6,Debit,Branch,18.0,Student,139.0,1.0,9716.68,1
644.08,Debit,Online,24.0,Student,55.0,1.0,1980.62,0
226.66,Debit,Branch,41.0,Doctor,168.00000000000003,1.0,10216.25,1
305.0,Debit,ATM,22.0,Student,222.0,1.0,944.83,0
793.13,Debit,Online,68.0,Doctor,75.99999999999999,1.0,13389.16,1
224.19,Debit,ATM,52.0,Doctor,93.0,1.0,8475.47,1
194.99,Debit,Branch,34.0,Engineer,91.0,1.0,1370.03,0
227.5,Debit,Online,34.0,Doctor,277.0,1.0,11505.35,1
259.9,Debit,Online,26.0,Student,100.00000000000001,1.0,914.2799999999999,0
50.63,Debit,Online,64.0,Retired,143.0,1.0,4732.81,2
11.81,Debit,ATM,21.0,Student,131.0,1.0,320.25,0
329.14,Debit,Branch,55.0,Doctor,14.0,1.0,12033.92,1
154.24,Debit,ATM,61.0,Retired,82.0,1.0,6109.55,2
233.44,Debit,Online,20.0,Student,297.0,1.0,1691.88,0
141.8,Debit,ATM,18.0,Student,116.00000000000001,1.0,1697.67,0
209.03,Debit,Branch,55.0,Engineer,126.0,1.0,8359.5,1
261.14,Debit,ATM,42.0,Engineer,162.0,1.0,6100.08,1
101.81,Debit,ATM,45.0,Doctor,105.0,1.0,13872.03,1
98.71,Debit,ATM,32.0,Doctor,117.0,1.0,10095.23,1
87.38,Debit,Branch,21.0,Student,252.0,1.0,1504.99,0
83.39,Debit,Branch,32.0,Doctor,158.0,1.0,13182.11,1
267.55,Debit,Online,46.0,Engineer,40.0,1.0,4330.04,2
870.05,Debit,ATM,29.0,Doctor,39.0,1.0,905.2499999999999,0
164.51,Debit,Branch,78.0,Retired,110.0,1.0,3553.69,2
758.12,Debit,ATM,69.0,Retired,90.0,1.0,6164.65,2
103.76,Debit,Online,28.0,Engineer,188.0,1.0,9626.14,1
583.92,Debit,Online,55.0,Engineer,139.0,1.0,6364.14,2
204.06,Debit,Online,77.0,Retired,159.0,1.0,4351.83,2
53.51,Debit,Online,56.0,Retired,165.0,1.0,5773.5,2
120.17,Debit,ATM,49.0,Doctor,105.0,1.0,5403.79,2
220.8,Debit,Online,31.0,Engineer,28.0,1.0,8135.31,1
119.01,Debit,ATM,45.0,Doctor,87.0,1.0,9798.26,1
183.32,Debit,ATM,21.0,Student,74.0,1.0,137.42,0
858.88,Debit,Online,60.0,Engineer,227.0,1.0,7015.46,2
61.37,Debit,Branch,75.0,Retired,164.0,1.0,4294.44,2
1.2100000000000002,Debit,Branch,55.0,Retired,196.0,1.0,7542.739999999999,1
60.96,Debit,ATM,52.0,Retired,238.0,1.0,6189.24,2
64.21,Debit,ATM,51.0,Doctor,37.0,1.0,12540.18,1
523.02,Debit,Online,53.0,Retired,83.0,1.0,4586.11,2
50.26,Debit,Branch,65.0,Retired,164.0,1.0,1519.38,2
110.08,Debit,Branch,19.0,Student,95.0,1.0,1447.26,0
79.76,Debit,Online,68.0,Doctor,115.0,1.0,10278.75,1
68.62,Debit,Branch,29.0,Doctor,157.0,1.0,13891.47,1
157.16,Debit,Branch,20.0,Student,280.0,1.0,1545.77,0
72.68,Debit,Online,69.0,Retired,44.0,1.0,6216.77,2
354.76,Debit,Branch,51.0,Doctor,279.0,1.0,10141.92,1
29.22,Debit,ATM,27.0,Engineer,69.00000000000001,1.0,7795.79,1
653.97,Debit,Online,37.0,Engineer,100.00000000000001,1.0,3886.65,0
233.74,Debit,Online,72.0,Retired,142.0,1.0,4749.54,2
471.84,Debit,ATM,18.0,Student,138.0,1.0,1044.33,0
254.20999999999998,Debit,ATM,48.0,Engineer,45.99999999999999,1.0,2487.2,2
577.73,Debit,ATM,37.0,Doctor,63.0,1.0,14977.99,1
170.26,Debit,ATM,27.0,Student,265.0,1.0,1969.48,0
74.04,Debit,Online,18.0,Student,66.0,1.0,1690.23,0
197.18,Debit,Online,28.0,Engineer,135.0,1.0,3114.92,0
21.15,Debit,Branch,70.0,Retired,180.0,1.0,3466.74,2
218.37,Debit,ATM,62.0,Doctor,105.0,1.0,9942.24,1
697.82,Debit,Online,44.0,Engineer,153.0,1.0,6824.0,1
148.0,Debit,Branch,20.0,Student,35.0,1.0,1488.65,0
22.26,Debit,Branch,19.0,Student,56.0,1.0,5583.88,0
0.86,Debit,ATM,25.0,Student,139.0,1.0,1357.22,0
757.1,Debit,Branch,65.0,Doctor,203.0,1.0,10553.23,1
32.46,Debit,Online,31.0,Doctor,10.0,1.0,8656.18,1
20.64,Debit,Branch,22.0,Student,59.00000000000001,1.0,949.38,0
662.11,Debit,Branch,23.0,Student,219.0,1.0,1996.38,0
288.77,Debit,ATM,55.0,Engineer,110.0,1.0,8836.51,1
35.05,Debit,Branch,30.0,Doctor,105.0,1.0,14330.47,1
25.38,Debit,Branch,57.0,Engineer,66.0,1.0,8616.05,1
617.66,Debit,ATM,41.0,Engineer,40.0,1.0,5906.58,1
446.39,Debit,ATM,63.0,Retired,77.0,1.0,7863.6,2
377.92,Debit,Branch,33.0,Engineer,204.0,1.0,2254.71,0
11.04,Debit,Online,30.0,Engineer,43.0,1.0,6983.04,1
275.46,Debit,ATM,36.0,Doctor,67.0,1.0,9697.75,1
179.76,Debit,Online,78.0,Retired,81.0,1.0,5909.52,2
32.34,Debit,Branch,44.0,Doctor,45.0,1.0,7847.619999999999,1
273.92,Debit,Branch,79.0,Retired,109.0,1.0,4543.56,2
375.45,Debit,Branch,19.0,Student,32.0,1.0,1307.23,0
388.98,Debit,ATM,23.0,Student,155.0,1.0,1819.91,0
492.84,Debit,ATM,25.0,Student,37.99999999999999,1.0,577.67,0
148.85,Debit,ATM,57.0,Doctor,25.000000000000004,1.0,7802.360000000001,2
391.66,Debit,Branch,50.0,Engineer,103.0,1.0,2406.31,2
322.48,Debit,ATM,27.0,Student,57.0,1.0,1238.43,0
20.27,Debit,Branch,18.0,Student,22.0,1.0,796.3499999999999,0
199.02,Debit,ATM,61.0,Retired,269.0,1.0,4658.89,2
55.86,Debit,Online,39.0,Engineer,68.00000000000001,1.0,5346.46,1
10.77,Debit,ATM,31.0,Doctor,178.0,1.0,10704.95,1
95.55,Debit,Branch,33.0,Engineer,51.00000000000001,1.0,2434.74,0
477.07,Debit,Online,27.0,Engineer,278.0,1.0,6568.07,0
21.41,Debit,Online,57.0,Doctor,99.0,1.0,658.91,2
278.28,Debit,Branch,28.0,Student,26.0,1.0,1346.88,0
215.39,Debit,ATM,27.0,Student,215.99999999999997,1.0,1582.55,0
194.37,Debit,ATM,66.0,Doctor,161.0,1.0,14395.88,1
37.7,Debit,ATM,20.0,Student,109.0,1.0,1741.1,0
19.59,Debit,Branch,64.0,Retired,122.0,1.0,1061.69,2
81.35,Debit,Online,41.0,Engineer,103.0,1.0,7192.45,1
466.64,Debit,ATM,58.0,Doctor,11.0,1.0,10915.11,1
397.01,Debit,ATM,22.0,Student,100.00000000000001,1.0,719.52,0
472.48,Debit,Branch,55.0,Engineer,87.0,1.0,7128.82,2
67.15,Debit,Online,59.0,Doctor,14.0,1.0,9028.49,1
102.67,Debit,Branch,79.0,Retired,119.0,1.0,4656.94,2
453.49,Debit,Branch,66.0,Doctor,147.0,1.0,6366.43,2
267.17,Debit,ATM,26.0,Student,170.0,1.0,1382.62,0
111.26,Debit,ATM,66.0,Doctor,43.0,1.0,14350.11,1
121.17000000000002,Debit,ATM,68.0,Doctor,158.0,1.0,12990.77,1
213.28,Debit,Branch,51.0,Retired,94.0,1.0,4835.91,2
187.88,Debit,ATM,60.0,Engineer,180.0,1.0,2154.58,2
83.79,Debit,ATM,57.0,Engineer,47.0,1.0,5061.3,2
212.14,Debit,Branch,72.0,Retired,105.0,1.0,7225.06,2
99.16,Debit,Online,79.0,Retired,202.0,1.0,2607.58,2
4.24,Debit,Online,38.0,Engineer,37.99999999999999,1.0,7822.729999999999,1
135.85,Debit,Online,57.0,Retired,269.0,1.0,1480.39,2
368.53,Debit,Branch,68.0,Doctor,34.0,1.0,13696.31,1
16.73,Debit,Online,45.0,Engineer,48.0,1.0,2202.62,2
317.12,Debit,Branch,44.0,Doctor,80.0,1.0,14409.74,1
476.63,Debit,ATM,79.0,Retired,115.0,1.0,4894.25,2
156.58,Debit,Branch,24.0,Student,160.0,1.0,8981.61,1
15.74,Debit,Branch,27.0,Student,37.99999999999999,1.0,690.16,0
353.68,Debit,Online,70.0,Retired,145.0,1.0,6777.12,2
297.15,Debit,Online,76.0,Retired,178.0,1.0,5449.37,2
647.85,Debit,Branch,36.0,Doctor,121.0,1.0,13779.97,1
75.04,Debit,ATM,49.0,Engineer,178.0,1.0,9648.6,1
273.92,Debit,Online,28.0,Student,35.0,1.0,1029.15,0
420.6,Debit,Branch,26.0,Student,55.0,1.0,1778.75,0
213.55,Debit,ATM,63.0,Doctor,15.0,1.0,5238.37,2
150.03,Debit,ATM,73.0,Retired,176.0,1.0,7491.42,2
428.61,Debit,Branch,51.0,Retired,131.0,1.0,2116.36,2
309.56,Debit,Online,58.0,Doctor,147.0,1.0,972.04,2
77.25,Debit,Branch,68.0,Doctor,157.0,1.0,14077.97,1
146.92,Debit,ATM,64.0,Retired,272.0,1.0,3990.6,2
126.6,Debit,Branch,22.0,Student,146.0,1.0,961.6499999999999,0
101.34,Debit,ATM,24.0,Student,45.99999999999999,1.0,703.2599999999999,0
184.97,Debit,Branch,58.0,Doctor,268.0,1.0,1156.67,2
451.15,Debit,ATM,46.0,Engineer,175.0,1.0,1356.47,0
880.04,Debit,ATM,25.0,Student,29.000000000000004,1.0,261.97,0
353.69,Debit,Online,59.0,Engineer,163.0,1.0,9500.79,1
95.75,Debit,Branch,31.0,Engineer,169.0,1.0,337.62,0
43.91,Debit,Online,27.0,Student,86.0,1.0,1806.68,0
98.03,Debit,Branch,54.0,Engineer,165.0,1.0,6323.45,2
617.66,Debit,ATM,42.0,Engineer,128.0,1.0,7155.95,1
888.57,Debit,Online,62.0,Retired,102.0,1.0,7896.14,2
107.48,Debit,Branch,22.0,Student,129.0,1.0,591.2299999999999,0
36.57,Debit,ATM,62.0,Retired,69.00000000000001,1.0,2583.07,2
575.62,Debit,Online,43.0,Doctor,129.0,1.0,234.40999999999997,0
84.89,Debit,ATM,37.0,Engineer,70.0,1.0,4735.61,0
109.3,Debit,Branch,56.0,Doctor,26.999999999999996,1.0,13510.11,1
230.08,Debit,Online,79.0,Retired,123.99999999999999,1.0,4466.1,2
361.92,Debit,ATM,54.0,Retired,111.0,1.0,7474.31,1
122.44999999999999,Debit,Branch,46.0,Doctor,98.0,1.0,7255.49,1
642.53,Debit,ATM,65.0,Doctor,128.0,1.0,11417.91,1
62.86000000000001,Debit,Branch,25.0,Student,30.999999999999996,1.0,1040.43,0
11.46,Debit,Online,67.0,Retired,73.0,1.0,6628.75,2
65.32,Debit,ATM,28.0,Student,53.99999999999999,1.0,9165.02,1
85.31,Debit,ATM,62.0,Retired,26.999999999999996,1.0,6095.65,2
726.61,Debit,ATM,18.0,Student,277.0,1.0,1008.76,0
130.4,Debit,Branch,45.0,Engineer,63.0,1.0,4381.24,2
68.1,Debit,ATM,20.0,Student,47.0,1.0,1382.8,0
65.26,Debit,Branch,26.0,Student,72.0,1.0,7380.63,1
191.62,Debit,Branch,63.0,Doctor,51.00000000000001,1.0,1981.6700000000003,2
212.88,Debit,Online,39.0,Doctor,122.0,1.0,7036.72,1
88.38,Debit,ATM,30.0,Engineer,138.0,1.0,3707.82,0
289.1,Debit,ATM,27.0,Student,206.0,1.0,267.53,0
390.09,Debit,Online,26.0,Engineer,49.0,1.0,2617.23,0
48.29,Debit,Online,37.0,Engineer,242.0,1.0,8883.4,1
333.83,Debit,ATM,63.0,Retired,135.0,1.0,1660.66,2
100.27,Debit,Online,79.0,Retired,51.00000000000001,1.0,4309.9,2
44.54,Debit,ATM,31.0,Engineer,164.0,1.0,362.4,0
82.17,Debit,Branch,28.0,Student,21.000000000000004,1.0,1913.06,0
447.42,Debit,Online,32.0,Engineer,65.0,1.0,6133.22,1
192.73,Debit,Branch,71.0,Retired,157.0,1.0,2037.7499999999998,2
146.01,Debit,Online,26.0,Student,269.0,1.0,221.79,0
102.34,Debit,Online,51.0,Doctor,78.0,1.0,9326.28,1
7.820000000000001,Debit,ATM,36.0,Engineer,273.0,1.0,2240.49,0
79.43,Debit,ATM,74.0,Retired,72.0,1.0,6579.37,2
386.97,Debit,Branch,58.0,Retired,137.0,1.0,1876.35,2
51.22,Debit,Branch,23.0,Student,82.0,1.0,1664.59,0
256.05,Debit,ATM,54.0,Retired,35.0,1.0,6910.18,2
7.79,Debit,Branch,34.0,Doctor,298.0,1.0,1319.85,0
233.71,Debit,Branch,63.0,Doctor,11.0,1.0,6095.5,2
176.37,Debit,Branch,55.0,Retired,126.0,1.0,2420.86,2
122.62999999999998,Debit,Branch,21.0,Student,153.0,1.0,359.06,0
86.41,Debit,ATM,75.0,Retired,125.0,1.0,3128.71,2
21.57,Debit,ATM,54.0,Retired,71.0,1.0,7587.48,1
82.67,Debit,Branch,26.0,Student,45.99999999999999,1.0,290.59,0
543.47,Debit,ATM,18.0,Student,122.0,1.0,6165.03,0
47.48,Debit,Branch,24.0,Student,66.0,1.0,585.5199999999999,0
64.92,Debit,Branch,58.0,Engineer,236.0,1.0,5481.76,2
3.8000000000000003,Debit,Online,65.0,Doctor,174.0,1.0,5766.96,2
22.54,Debit,Online,26.0,Engineer,42.00000000000001,1.0,7139.11,1
167.47,Debit,ATM,35.0,Engineer,103.0,1.0,2293.13,0
391.08,Debit,Online,56.0,Retired,105.0,1.0,6885.16,2
390.77,Debit,Online,44.0,Doctor,34.0,1.0,5500.56,1
508.15999999999997,Debit,ATM,39.0,Engineer,131.0,1.0,5609.44,1
332.33,Debit,ATM,27.0,Student,101.0,1.0,192.63,0
362.09,Debit,Branch,32.0,Engineer,30.999999999999996,1.0,6590.28,1
42.58,Debit,Online,30.0,Doctor,80.0,1.0,13485.0,1
248.65999999999997,Debit,Online,28.0,Engineer,113.0,1.0,2571.39,0
61.77000000000001,Debit,Branch,56.0,Doctor,49.0,1.0,12352.2,1
268.92,Debit,Branch,29.0,Engineer,148.0,1.0,8765.38,1
125.14,Debit,Branch,20.0,Student,30.999999999999996,1.0,1845.18,0
47.6,Debit,Online,53.0,Engineer,115.0,1.0,1382.51,2
592.82,Debit,Online,74.0,Retired,247.99999999999997,1.0,7508.98,2
372.5,Debit,ATM,22.0,Student,211.0,1.0,3901.82,0
4.72,Debit,Branch,32.0,Engineer,20.0,1.0,4792.01,0
144.93,Debit,Branch,42.0,Engineer,74.0,1.0,6887.52,1
316.56,Debit,Online,28.0,Engineer,261.0,1.0,8643.51,1
9.18,Debit,Online,22.0,Student,140.0,1.0,887.3199999999999,0
421.25,Debit,Online,25.0,Student,66.0,1.0,7174.69,1
185.71,Debit,Branch,48.0,Engineer,194.0,1.0,2679.91,2
297.03,Debit,Online,61.0,Retired,151.0,1.0,1088.62,2
99.52,Debit,ATM,52.0,Engineer,127.0,1.0,3798.0900000000006,2
881.1,Debit,Branch,28.0,Student,16.0,1.0,9951.68,1
139.69,Debit,Online,52.0,Engineer,180.0,1.0,9567.94,1
42.72,Debit,ATM,37.0,Engineer,143.0,1.0,2669.66,0
112.72,Debit,Branch,31.0,Doctor,17.0,1.0,9630.0,1
568.88,Debit,Branch,19.0,Student,105.0,1.0,1307.86,0
189.03,Debit,ATM,28.0,Student,50.00000000000001,1.0,1916.46,0
199.8,Debit,ATM,20.0,Student,163.0,1.0,167.28,0
189.08,Debit,Branch,68.0,Doctor,238.0,1.0,10790.8,1
409.59,Debit,Online,35.0,Doctor,50.00000000000001,1.0,14563.02,1
283.15,Debit,Online,24.0,Student,180.0,1.0,603.79,0
151.82,Debit,ATM,51.0,Retired,105.0,1.0,2197.12,2
438.59,Debit,Online,37.0,Engineer,103.0,1.0,8994.39,1
590.57,Debit,ATM,79.0,Retired,93.0,1.0,3224.6,2
63.74,Debit,Online,63.0,Retired,30.999999999999996,1.0,4336.4,2
501.15,Debit,Branch,47.0,Engineer,208.0,1.0,8821.84,1
8.95,Debit,Online,76.0,Retired,102.0,1.0,3299.84,2
173.6,Debit,Online,21.0,Student,160.0,1.0,421.44,0
149.4,Debit,ATM,53.0,Retired,123.0,1.0,1035.22,2
838.57,Debit,ATM,41.0,Doctor,273.0,1.0,14576.47,1
724.18,Debit,Branch,41.0,Doctor,134.0,1.0,10922.78,1
124.98,Debit,ATM,24.0,Student,78.0,1.0,641.9999999999999,0
487.32,Debit,Branch,52.0,Doctor,164.0,1.0,7707.959999999999,1
205.65,Debit,Branch,62.0,Retired,144.0,1.0,3582.16,2
39.41,Debit,Branch,25.0,Student,132.0,1.0,921.91,0
254.00000000000003,Debit,Branch,35.0,Doctor,63.0,1.0,5788.53,1
436.8,Debit,Branch,36.0,Engineer,213.0,1.0,4515.43,0
224.73,Debit,Branch,76.0,Retired,63.0,1.0,7551.890000000001,2
132.42,Debit,ATM,18.0,Student,164.0,1.0,726.3899999999999,0
11.67,Debit,Branch,76.0,Retired,105.0,1.0,7458.629999999999,2
83.16,Debit,ATM,61.0,Retired,177.0,1.0,3065.87,2
615.58,Debit,ATM,42.0,Doctor,133.0,1.0,14343.0,1
7.950000000000001,Debit,ATM,79.0,Retired,65.0,1.0,5631.2,2
499.47999999999996,Debit,ATM,24.0,Student,133.0,1.0,1242.62,0
138.82,Debit,Online,77.0,Retired,53.00000000000001,1.0,3100.22,2
292.08,Debit,ATM,72.0,Retired,32.0,1.0,7950.48,2
63.98,Debit,Online,54.0,Doctor,258.0,1.0,7954.12,1
235.21,Debit,Branch,67.0,Doctor,74.0,1.0,5946.61,2
201.73,Debit,Online,57.0,Engineer,78.0,1.0,6650.71,2
161.31,Debit,ATM,28.0,Student,13.0,1.0,1268.67,0
18.41,Debit,Branch,53.0,Doctor,168.00000000000003,1.0,8287.54,1
290.02,Debit,Branch,55.0,Engineer,246.0,1.0,4746.71,2
48.05,Debit,Branch,27.0,Engineer,37.99999999999999,1.0,5334.97,0
359.42,Debit,Branch,55.0,Doctor,30.0,1.0,1765.45,2
32.91,Debit,Online,19.0,Student,255.0,1.0,427.3,0
3.8000000000000003,Debit,Branch,67.0,Retired,140.0,1.0,6285.39,2
31.81,Debit,Online,51.0,Retired,149.0,1.0,1406.6,2
220.2,Debit,Online,28.0,Student,102.0,1.0,1075.15,0
141.91,Debit,Branch,23.0,Student,49.0,1.0,791.9699999999999,0
95.83,Debit,Online,27.0,Student,91.0,1.0,1726.4,0
50.75,Debit,ATM,62.0,Doctor,185.0,1.0,8271.47,2
185.07,Debit,Branch,22.0,Student,159.0,1.0,636.42,0
293.54,Debit,Online,40.0,Engineer,45.0,1.0,2290.1,0
23.38,Debit,Branch,32.0,Engineer,89.0,1.0,9968.49,1
285.26,Debit,ATM,28.0,Student,93.0,1.0,167.72,0
129.48,Debit,ATM,31.0,Engineer,179.0,1.0,7581.7,1
743.03,Debit,ATM,50.0,Engineer,174.0,1.0,4111.38,2
231.92,Debit,ATM,66.0,Doctor,12.0,1.0,5715.08,2
302.86,Debit,Online,55.0,Doctor,275.0,1.0,5239.24,2
81.08,Debit,ATM,58.0,Engineer,56.0,1.0,7788.910000000001,2
178.43,Debit,Branch,26.0,Student,136.0,1.0,1214.93,0
211.91,Debit,Online,20.0,Student,181.0,1.0,927.4699999999999,0
17.21,Debit,Online,23.0,Student,219.0,1.0,914.16,0
124.22,Debit,ATM,23.0,Student,172.0,1.0,9695.04,1
38.37,Debit,ATM,63.0,Doctor,135.0,1.0,8647.04,2
269.79,Debit,ATM,52.0,Engineer,17.0,1.0,1292.1,2
605.42,Debit,ATM,21.0,Student,33.0,1.0,392.34,0
11.19,Debit,ATM,60.0,Engineer,40.0,1.0,9877.17,1
862.34,Debit,Branch,57.0,Doctor,72.0,1.0,9903.48,1
410.97,Debit,ATM,22.0,Student,45.0,1.0,151.42,0
36.97,Debit,Branch,41.0,Engineer,79.0,1.0,2850.92,0
137.59,Debit,ATM,30.0,Doctor,95.0,1.0,10679.67,1
430.98,Debit,Branch,24.0,Student,93.0,1.0,569.25,0
13.87,Debit,Branch,24.0,Student,20.0,1.0,954.83,0
642.68,Debit,ATM,76.0,Retired,66.0,1.0,1831.2,2
302.82,Debit,ATM,36.0,Engineer,175.0,1.0,9384.54,1
406.81,Debit,Online,66.0,Retired,84.00000000000001,1.0,1968.3600000000001,2
256.3,Debit,Online,53.0,Retired,172.0,1.0,4203.05,2
95.78,Debit,Online,22.0,Student,26.999999999999996,1.0,271.64,0
903.19,Debit,Online,22.0,Student,65.0,1.0,8627.08,1
847.45,Debit,Branch,28.0,Student,175.0,1.0,422.32,0
18.46,Debit,Branch,68.0,Retired,213.0,1.0,6381.6,2
603.23,Debit,Branch,28.0,Student,48.0,1.0,117.98000000000002,0
414.77,Debit,Online,29.0,Doctor,274.0,1.0,5599.81,0
886.19,Debit,Branch,61.0,Retired,69.00000000000001,1.0,7904.240000000001,2
440.03,Debit,Online,49.0,Engineer,88.0,1.0,1490.44,2
35.46,Debit,ATM,56.0,Retired,285.0,1.0,1532.72,2
76.39,Debit,Branch,18.0,Student,219.0,1.0,5976.0,0
6.03,Debit,Branch,76.0,Retired,70.0,1.0,3290.72,2
249.34,Debit,ATM,26.0,Engineer,197.0,1.0,3030.97,0
421.52,Debit,Branch,20.0,Student,67.0,1.0,369.86,0
189.77,Debit,Branch,58.0,Engineer,24.0,1.0,6570.36,2
73.19,Debit,Branch,76.0,Retired,213.0,1.0,2264.98,2
30.52,Debit,Branch,62.0,Doctor,122.0,1.0,12327.74,1
170.24,Debit,Branch,62.0,Retired,133.0,1.0,5172.99,2
56.62,Debit,Branch,54.0,Doctor,121.0,1.0,8981.1,1
53.14,Debit,ATM,34.0,Doctor,70.0,1.0,7914.999999999999,1
587.23,Debit,Online,27.0,Student,144.0,1.0,500.84,0
146.15,Debit,Branch,43.0,Doctor,75.0,1.0,13784.4,1
155.51,Debit,ATM,68.0,Doctor,15.0,1.0,5360.19,2
135.15,Debit,Online,72.0,Retired,50.00000000000001,1.0,5878.14,2
39.48,Debit,ATM,56.0,Retired,37.99999999999999,1.0,5889.51,2
451.68,Debit,Online,33.0,Engineer,15.0,1.0,4381.54,0
427.69,Debit,ATM,43.0,Engineer,236.0,1.0,2443.54,0
254.86,Debit,Branch,23.0,Student,102.0,1.0,699.8999999999999,0
19.48,Debit,ATM,27.0,Engineer,114.0,1.0,4739.59,0
190.17,Debit,ATM,49.0,Doctor,265.0,1.0,12893.85,1
91.38,Debit,ATM,65.0,Retired,179.0,1.0,2402.58,2
93.22,Debit,Online,52.0,Retired,52.00000000000001,1.0,1014.6300000000001,2
547.98,Debit,ATM,28.0,Student,171.0,1.0,1358.54,0
641.06,Debit,ATM,23.0,Student,25.000000000000004,1.0,1602.13,0
836.45,Debit,Online,61.0,Retired,63.0,1.0,1731.89,2
609.52,Debit,ATM,78.0,Retired,169.0,1.0,3485.03,2
100.01,Debit,ATM,50.0,Doctor,63.0,1.0,6393.12,2
111.08,Debit,Online,70.0,Doctor,83.0,1.0,7037.34,2
78.62,Debit,Branch,32.0,Doctor,52.00000000000001,1.0,1360.85,0
47.79,Debit,Branch,25.0,Student,37.0,1.0,1649.92,0
333.97,Debit,Branch,52.0,Doctor,45.0,1.0,5237.36,2
30.87,Debit,ATM,33.0,Doctor,295.0,1.0,14348.65,1
710.43,Debit,Online,67.0,Retired,115.0,1.0,5625.55,2
220.23,Debit,ATM,41.0,Engineer,48.0,1.0,3438.02,0
27.28,Debit,ATM,29.0,Doctor,96.0,1.0,10668.24,1
101.52,Debit,ATM,49.0,Engineer,98.0,1.0,2018.9000000000003,2
162.65,Debit,ATM,59.0,Engineer,147.0,1.0,9500.95,1
10.52,Debit,ATM,55.0,Retired,30.0,1.0,2472.99,2
270.72,Debit,Branch,38.0,Doctor,37.0,1.0,6522.47,1
202.34,Debit,Online,20.0,Student,134.0,1.0,1223.45,0
247.58,Debit,ATM,39.0,Engineer,151.99999999999997,1.0,778.74,0
686.17,Debit,ATM,61.0,Retired,96.0,1.0,2246.15,2
109.91,Debit,Branch,38.0,Doctor,90.0,1.0,12896.06,1
490.76,Debit,Online,66.0,Retired,156.0,1.0,6414.11,2
224.28,Debit,Online,64.0,Retired,68.00000000000001,1.0,5767.51,2
614.03,Debit,ATM,68.0,Retired,51.00000000000001,1.0,2815.86,2
608.79,Debit,Online,55.0,Engineer,157.0,1.0,2991.17,2
186.55,Debit,Branch,48.0,Engineer,288.0,1.0,224.65,0
203.34,Debit,ATM,60.0,Doctor,66.0,1.0,13586.99,1
90.88,Debit,ATM,26.0,Engineer,284.0,1.0,7117.35,1
393.92,Debit,Branch,72.0,Retired,47.0,1.0,7318.64,2
19.39,Debit,ATM,43.0,Doctor,45.0,1.0,9847.6,1
289.05,Debit,ATM,75.0,Retired,116.00000000000001,1.0,5683.49,2
46.11,Debit,Online,33.0,Doctor,233.0,1.0,5225.73,0
335.5,Debit,ATM,63.0,Retired,47.0,1.0,6445.4,2
388.07,Debit,Online,24.0,Student,68.00000000000001,1.0,289.71,0
787.41,Debit,Online,25.0,Student,39.0,1.0,300.87,0
22.3,Debit,ATM,21.0,Student,90.0,1.0,1200.35,0
203.12,Debit,ATM,56.0,Retired,181.0,1.0,1562.39,2
0.26,Debit,Online,20.0,Student,173.0,1.0,1833.67,0
210.77,Debit,ATM,71.0,Retired,161.0,1.0,5396.65,2
406.65,Debit,ATM,57.0,Doctor,107.0,1.0,12995.7,1
422.9,Debit,ATM,40.0,Engineer,111.0,1.0,7616.43,1
174.39,Debit,ATM,19.0,Student,36.0,1.0,1127.08,0
61.98,Debit,Online,49.0,Engineer,44.0,1.0,5212.28,2
16.55,Debit,Branch,26.0,Engineer,159.0,1.0,6089.79,0
91.32,Debit,Branch,58.0,Engineer,77.0,1.0,2618.1,2
195.49,Debit,ATM,31.0,Doctor,212.0,1.0,11988.12,1
49.62,Debit,ATM,55.0,Engineer,111.0,1.0,3841.4199999999996,2
405.6,Debit,Online,37.0,Engineer,44.0,1.0,9754.73,1
512.95,Debit,Branch,57.0,Engineer,143.0,1.0,9584.52,1
345.94,Debit,ATM,31.0,Doctor,163.0,1.0,7624.56,1
356.56,Debit,Online,47.0,Engineer,52.00000000000001,1.0,2485.73,2
10.31,Debit,Online,36.0,Engineer,280.0,1.0,2137.9,0
211.69,Debit,Branch,30.0,Doctor,111.0,1.0,6412.85,1
278.23,Debit,Online,48.0,Engineer,83.0,1.0,8300.54,1
116.88,Debit,ATM,45.0,Doctor,263.0,1.0,7717.339999999999,1
77.53,Debit,Branch,54.0,Retired,55.0,1.0,5158.6,2
421.74,Debit,Online,67.0,Doctor,103.0,1.0,12031.14,1
313.69,Debit,Branch,73.0,Retired,151.99999999999997,1.0,7093.68,2
411.72,Debit,Branch,29.0,Doctor,153.0,1.0,8539.86,1
508.73,Debit,Branch,59.0,Retired,89.0,1.0,7640.57,2
153.08,Debit,ATM,24.0,Student,201.0,1.0,1292.21,0
23.01,Debit,Branch,63.0,Retired,166.0,1.0,5958.75,2
69.28,Debit,Online,25.0,Student,129.0,1.0,708.7399999999999,0
407.65,Debit,ATM,25.0,Student,263.0,1.0,273.78,0
459.25,Debit,Branch,25.0,Student,59.00000000000001,1.0,130.76,0
301.56,Debit,Branch,49.0,Doctor,118.0,1.0,10389.6,1
17.67,Debit,Online,63.0,Doctor,91.0,1.0,1048.18,2
401.37,Debit,Branch,43.0,Engineer,251.0,1.0,8208.54,1
145.4,Debit,Online,38.0,Engineer,24.0,1.0,5244.49,1
556.34,Debit,Online,37.0,Doctor,45.99999999999999,1.0,11935.14,1
34.31,Debit,ATM,24.0,Student,251.0,1.0,1484.76,0
282.65,Debit,ATM,35.0,Doctor,161.0,1.0,13801.15,1
305.27,Debit,Online,68.0,Doctor,147.0,1.0,12958.65,1
185.81,Debit,Online,32.0,Doctor,116.00000000000001,1.0,9588.71,1
66.01,Debit,Online,49.0,Engineer,179.0,1.0,3475.99,2
447.95,Debit,Branch,29.0,Engineer,75.0,1.0,7544.399999999999,1
279.3,Debit,ATM,19.0,Student,48.0,1.0,1193.61,0
26.75,Debit,Online,33.0,Doctor,26.999999999999996,1.0,12063.77,1
611.15,Debit,ATM,27.0,Student,121.0,1.0,892.8299999999999,0
275.2,Debit,Online,54.0,Engineer,81.0,1.0,1230.12,2
427.79,Debit,Branch,18.0,Student,189.0,1.0,1479.67,0
102.81,Debit,Branch,76.0,Retired,47.0,1.0,3228.87,2
22.61,Debit,Online,19.0,Student,145.0,1.0,1111.67,0
68.28,Debit,Online,56.0,Engineer,293.0,1.0,3213.16,2
73.23,Debit,Branch,20.0,Student,172.0,1.0,1309.85,0
389.05,Debit,ATM,27.0,Student,41.0,1.0,761.0,0
7.38,Debit,Online,67.0,Retired,105.0,1.0,2923.83,2
109.48,Debit,Online,61.0,Retired,93.0,1.0,7372.47,2
66.91,Debit,ATM,39.0,Doctor,85.0,1.0,871.1,0
335.48,Debit,Branch,45.0,Engineer,155.0,1.0,3023.16,2
38.14,Debit,Online,19.0,Student,174.0,1.0,1119.21,0
360.02,Debit,Online,68.0,Retired,68.00000000000001,1.0,6400.59,2
567.71,Debit,Online,63.0,Doctor,80.0,1.0,13884.24,1
218.19,Debit,ATM,19.0,Student,185.0,1.0,620.83,0
209.99,Debit,ATM,19.0,Student,40.0,1.0,1938.0100000000002,0
11.02,Debit,Branch,19.0,Student,280.0,1.0,964.79,0
83.43,Debit,Online,56.0,Retired,109.0,1.0,1870.16,2
344.97,Debit,Online,34.0,Doctor,106.0,1.0,5577.94,0
172.29,Debit,ATM,36.0,Engineer,283.0,1.0,8700.8,1
195.54,Debit,Online,60.0,Retired,255.0,1.0,2794.66,2
101.23,Debit,Online,45.0,Engineer,87.0,1.0,6169.71,1
180.46,Debit,ATM,25.0,Student,34.0,1.0,831.7499999999999,0
692.55,Debit,Branch,53.0,Retired,109.0,1.0,2451.56,2
107.48,Debit,Branch,20.0,Student,103.0,1.0,1379.39,0
81.51,Debit,Branch,25.0,Student,97.0,1.0,865.4899999999999,0
452.8,Debit,Branch,80.0,Retired,151.0,1.0,4840.67,2
645.04,Debit,Branch,70.0,Retired,78.0,1.0,7361.47,2
169.28,Debit,Branch,45.0,Doctor,114.0,1.0,5128.44,2
88.42,Debit,ATM,62.0,Doctor,91.0,1.0,12381.45,1
155.53,Debit,ATM,29.0,Engineer,66.0,1.0,4008.05,0
39.24,Debit,ATM,77.0,Retired,106.0,1.0,6462.41,2
26.5,Debit,Online,48.0,Engineer,179.0,1.0,4854.83,2
83.62,Debit,ATM,48.0,Doctor,146.0,1.0,12652.22,1
142.78,Debit,Branch,68.0,Doctor,150.0,1.0,11705.88,1
55.99,Debit,ATM,35.0,Doctor,95.0,1.0,932.61,0
774.48,Debit,Branch,61.0,Doctor,30.999999999999996,1.0,11613.58,1
105.37,Debit,ATM,25.0,Student,160.0,1.0,1068.55,0
118.83,Debit,Online,28.0,Student,295.0,1.0,1616.3,0
46.22,Debit,Branch,23.0,Student,217.0,1.0,471.2799999999999,0
377.97,Debit,Online,72.0,Retired,160.0,1.0,2457.1,2
114.1,Debit,Branch,69.0,Retired,148.0,1.0,5882.12,2
95.5,Debit,Online,57.0,Retired,17.0,1.0,4079.09,2
272.97,Debit,Online,68.0,Retired,174.0,1.0,7811.310000000001,2
73.35,Debit,Branch,24.0,Student,47.0,1.0,1181.84,0
29.94,Debit,ATM,58.0,Doctor,243.0,1.0,10915.54,1
50.52,Debit,Online,20.0,Student,140.0,1.0,1121.19,0
153.07,Debit,ATM,56.0,Engineer,116.00000000000001,1.0,8873.43,1
52.94,Debit,Branch,41.0,Doctor,146.0,1.0,6990.92,1
384.41,Debit,ATM,60.0,Engineer,65.0,1.0,7831.56,2
235.42,Debit,Branch,51.0,Retired,175.0,1.0,6173.23,2
114.23,Debit,ATM,56.0,Doctor,64.0,1.0,9523.72,1
12.62,Debit,Branch,33.0,Doctor,61.00000000000001,1.0,6420.47,1
373.52,Debit,ATM,35.0,Engineer,235.0,1.0,6430.41,1
336.05,Debit,Branch,28.0,Student,164.0,1.0,1635.05,0
366.93,Debit,Online,66.0,Retired,33.0,1.0,6697.79,2
112.27,Debit,Branch,58.0,Doctor,102.0,1.0,7369.89,2
494.9599999999999,Debit,ATM,40.0,Engineer,132.0,1.0,6903.68,1
561.58,Debit,Online,65.0,Doctor,22.999999999999996,1.0,11748.86,1
440.94,Debit,Online,42.0,Doctor,148.0,1.0,7303.23,1
71.9,Debit,Branch,29.0,Doctor,51.00000000000001,1.0,10619.35,1
276.26,Debit,Branch,56.0,Doctor,143.0,1.0,120.88999999999999,2
35.46,Debit,ATM,67.0,Doctor,164.0,1.0,5692.31,2
38.14,Debit,Branch,50.0,Engineer,165.0,1.0,9879.87,1
736.32,Debit,Online,31.0,Doctor,28.0,1.0,14268.95,1
25.58,Debit,ATM,60.0,Engineer,166.0,1.0,6741.41,2
446.1,Debit,ATM,25.0,Student,243.0,1.0,1008.44,0
147.74,Debit,Branch,23.0,Student,15.0,1.0,1711.78,0
46.23,Debit,Online,77.0,Retired,282.0,1.0,5107.75,2
265.37,Debit,Branch,33.0,Engineer,77.0,1.0,5229.95,0
342.57,Debit,Online,20.0,Student,91.0,1.0,339.16,0
33.63,Debit,Online,63.0,Retired,75.99999999999999,1.0,4324.4,2
64.58,Debit,Branch,55.0,Retired,173.0,1.0,6292.29,2
71.87,Debit,ATM,22.0,Student,258.0,1.0,1839.1,0
308.8,Debit,ATM,53.0,Retired,41.0,1.0,3966.5399999999995,2
135.35,Debit,Branch,33.0,Engineer,82.0,1.0,9983.36,1
288.43,Debit,Branch,66.0,Retired,72.0,1.0,4577.09,2
214.15,Debit,Branch,32.0,Engineer,217.0,1.0,6397.29,1
170.36,Debit,ATM,30.0,Doctor,118.0,1.0,6034.73,0
736.53,Debit,ATM,55.0,Engineer,120.0,1.0,9826.26,1
213.42,Debit,ATM,45.0,Engineer,17.0,1.0,3736.3800000000006,2
94.09,Debit,Branch,27.0,Student,203.0,1.0,646.8499999999999,0
91.23,Debit,ATM,72.0,Retired,86.0,1.0,6385.12,2
3.65,Debit,Online,69.0,Doctor,146.0,1.0,10017.11,2
591.98,Debit,ATM,28.0,Student,132.0,1.0,387.65,0
224.79,Debit,Online,18.0,Student,129.0,1.0,528.38,0
64.3,Debit,ATM,55.0,Retired,67.0,1.0,7530.299999999999,2
111.79,Debit,Online,62.0,Doctor,49.0,1.0,10887.59,1
170.45,Debit,Branch,60.0,Engineer,199.0,1.0,2284.41,2
344.27,Debit,Branch,22.0,Student,123.0,1.0,1918.3600000000001,0
872.72,Debit,Online,22.0,Student,288.0,1.0,503.01,0
292.95,Debit,Branch,37.0,Engineer,56.0,1.0,1216.91,0
28.44,Debit,ATM,18.0,Student,243.0,1.0,1071.04,0
209.02,Debit,ATM,21.0,Student,74.0,1.0,187.9,0
20.05,Debit,ATM,72.0,Retired,171.0,1.0,7145.67,2
175.02,Debit,Online,28.0,Student,71.0,1.0,1493.88,0
69.96,Debit,Branch,28.0,Student,30.999999999999996,1.0,164.12,0
146.51,Debit,ATM,53.0,Engineer,68.00000000000001,1.0,7089.9,2
100.38,Debit,Branch,63.0,Doctor,49.0,1.0,10171.68,1
137.23,Debit,Branch,64.0,Doctor,63.0,1.0,13847.99,1
870.3,Debit,ATM,51.0,Retired,229.0,1.0,3688.98,2
458.94,Debit,Branch,52.0,Engineer,180.0,1.0,5619.95,2
757.15,Debit,Online,53.0,Engineer,37.99999999999999,1.0,4702.86,2
5.64,Debit,Online,59.0,Doctor,47.0,1.0,12703.24,1
7.48,Debit,ATM,55.0,Engineer,29.000000000000004,1.0,1275.2,2
170.97,Debit,Branch,26.0,Student,292.0,1.0,1265.27,0
659.15,Debit,ATM,22.0,Student,204.0,1.0,1241.59,0
31.53,Debit,Online,25.0,Student,283.0,1.0,874.93,0
250.01,Debit,ATM,62.0,Retired,88.0,1.0,1541.48,2
554.15,Debit,ATM,49.0,Doctor,107.99999999999999,1.0,14817.22,1
28.38,Debit,Branch,55.0,Doctor,98.0,1.0,173.7,2
16.8,Debit,ATM,49.0,Doctor,94.0,1.0,11847.07,1
896.79,Debit,Online,33.0,Doctor,168.00000000000003,1.0,11146.74,1
159.0,Debit,ATM,49.0,Engineer,37.99999999999999,1.0,369.79,2
203.99,Debit,Online,52.0,Retired,215.0,1.0,4840.31,2
50.99,Debit,Branch,29.0,Doctor,75.99999999999999,1.0,1334.6,0
299.92,Debit,ATM,27.0,Student,122.0,1.0,1368.0,0
77.54,Debit,Online,67.0,Retired,73.0,1.0,4536.38,2
18.35,Debit,Branch,21.0,Student,78.0,1.0,1293.39,0
65.11,Debit,ATM,34.0,Engineer,150.0,1.0,8485.14,1
137.48,Debit,Branch,55.0,Doctor,47.0,1.0,14273.42,1
398.36,Debit,ATM,22.0,Student,56.0,1.0,1863.7,0
469.46,Debit,ATM,20.0,Student,149.0,1.0,8640.56,1
37.58,Debit,ATM,57.0,Doctor,182.0,1.0,259.44,2
160.24,Debit,ATM,31.0,Engineer,15.0,1.0,5526.97,0
165.91,Debit,ATM,26.0,Student,84.00000000000001,1.0,587.1199999999999,0
211.36,Debit,Branch,47.0,Engineer,194.0,1.0,4760.34,2
241.45000000000002,Debit,Online,26.0,Student,158.0,1.0,1594.04,0
23.24,Debit,Branch,68.0,Doctor,129.0,1.0,13777.79,1
314.52,Debit,ATM,80.0,Retired,229.0,1.0,7071.32,2
854.64,Debit,Branch,56.0,Retired,118.0,1.0,2989.25,2
261.19,Debit,ATM,64.0,Retired,52.00000000000001,1.0,7620.6,2
11.86,Debit,Branch,31.0,Engineer,129.0,1.0,6782.61,1
122.65000000000002,Debit,Online,28.0,Student,41.0,1.0,1968.51,0
395.16,Debit,Online,56.0,Retired,17.0,1.0,5340.73,2
704.69,Debit,Online,51.0,Retired,150.0,1.0,3267.84,2
369.89,Debit,ATM,69.0,Retired,69.00000000000001,1.0,6941.47,2
10.92,Debit,ATM,67.0,Retired,268.0,1.0,7567.2,2
199.14,Debit,Branch,31.0,Engineer,36.0,1.0,7001.25,1
109.43,Debit,ATM,70.0,Retired,140.0,1.0,1983.65,2
304.15,Debit,Branch,20.0,Student,40.0,1.0,686.9099999999999,0
757.79,Debit,Online,22.0,Student,117.0,1.0,1443.02,0
122.81,Debit,Branch,52.0,Doctor,12.0,1.0,8450.84,1
96.25,Debit,Online,61.0,Retired,171.0,1.0,7996.699999999999,2
142.55,Debit,Online,67.0,Doctor,97.0,1.0,1262.68,2
24.86,Debit,Branch,58.0,Engineer,292.0,1.0,2591.65,2
103.08,Debit,Online,60.0,Doctor,109.0,1.0,12002.16,1
116.27,Debit,Online,57.0,Engineer,94.0,1.0,8726.92,1
206.84,Debit,Branch,20.0,Student,154.0,1.0,454.66,0
37.4,Debit,ATM,20.0,Student,84.00000000000001,1.0,1519.51,0
154.21,Debit,Online,46.0,Engineer,75.0,1.0,8045.77,1
199.37,Debit,Online,24.0,Student,79.0,1.0,1331.3,0
18.23,Debit,ATM,56.0,Engineer,28.0,1.0,8422.2,1
398.7,Debit,ATM,47.0,Doctor,276.0,1.0,7987.740000000001,1
122.14,Debit,Online,22.0,Student,155.0,1.0,327.68,0
378.2,Debit,Branch,40.0,Engineer,167.0,1.0,7372.81,1
124.74,Debit,ATM,49.0,Engineer,33.0,1.0,2987.97,2
17.1,Debit,ATM,53.0,Retired,101.0,1.0,1619.54,2
287.05,Debit,ATM,22.0,Student,212.0,1.0,1204.65,0
874.72,Debit,Online,28.0,Engineer,173.0,1.0,4630.58,0
348.44,Debit,Online,24.0,Student,147.0,1.0,1022.94,0
128.4,Debit,ATM,69.0,Retired,30.999999999999996,1.0,2610.64,2
320.93,Debit,Online,55.0,Engineer,178.0,1.0,9451.66,1
1.41,Debit,ATM,53.0,Retired,278.0,1.0,1244.17,2
50.52,Debit,Branch,54.0,Doctor,293.0,1.0,12815.24,1
12.94,Debit,Branch,23.0,Student,158.0,1.0,921.23,0
329.75,Debit,Online,56.0,Retired,211.0,1.0,6009.43,2
40.79,Debit,ATM,18.0,Student,80.0,1.0,1769.33,0
150.6,Debit,ATM,69.0,Retired,59.00000000000001,1.0,3240.14,2
29.5,Debit,Online,73.0,Retired,129.0,1.0,1229.32,2
54.34,Debit,ATM,65.0,Doctor,45.99999999999999,1.0,8019.890000000001,2
18.25,Debit,ATM,53.0,Doctor,18.0,1.0,14328.29,1
633.87,Debit,Online,27.0,Student,175.0,1.0,330.16,0
81.15,Debit,ATM,19.0,Student,114.0,1.0,1595.26,0
83.95,Debit,Online,75.0,Retired,170.0,1.0,7413.18,2
172.68,Debit,ATM,33.0,Doctor,17.0,1.0,10724.95,1
139.88,Debit,ATM,34.0,Engineer,162.0,1.0,2969.71,0
165.55,Debit,Branch,28.0,Student,115.0,1.0,761.7799999999999,0
285.69,Debit,ATM,63.0,Retired,35.0,1.0,2552.54,2
532.4,Debit,ATM,22.0,Student,149.0,1.0,1033.73,0
293.85,Debit,Online,25.0,Student,144.0,1.0,1919.97,0
27.94,Debit,Branch,79.0,Retired,120.0,1.0,1893.4399999999998,2
270.36,Debit,ATM,25.0,Student,37.0,1.0,1783.04,0
506.03000000000003,Debit,Branch,21.0,Student,21.000000000000004,1.0,1123.89,0
206.95,Debit,Branch,22.0,Student,30.999999999999996,1.0,1817.65,0
350.96,Debit,ATM,63.0,Retired,167.0,1.0,5463.94,2
261.63,Debit,Branch,20.0,Student,150.0,1.0,477.03,0
46.12,Debit,Branch,59.0,Doctor,30.0,1.0,8874.01,1
331.66,Debit,ATM,76.0,Retired,145.0,1.0,7216.3,2
49.84,Debit,ATM,49.0,Doctor,146.0,1.0,7872.04,1
556.04,Debit,ATM,72.0,Retired,26.999999999999996,1.0,5200.04,2
745.95,Debit,ATM,58.0,Doctor,127.0,1.0,13264.14,1
67.25,Debit,Online,19.0,Student,157.0,1.0,467.4,0
93.63,Debit,ATM,29.0,Engineer,141.0,1.0,9873.62,1
74.11,Debit,Branch,22.0,Student,49.0,1.0,1257.9,0
291.27,Debit,Branch,77.0,Retired,121.0,1.0,6878.86,2
296.46,Debit,Branch,23.0,Student,136.0,1.0,558.99,0
98.41,Debit,Online,27.0,Student,48.0,1.0,912.7099999999999,0
12.18,Debit,Branch,76.0,Retired,77.0,1.0,4909.24,2
127.56999999999998,Debit,ATM,52.0,Retired,75.0,1.0,6118.2,2
392.05,Debit,ATM,60.0,Engineer,172.0,1.0,4383.69,2
849.76,Debit,ATM,25.0,Student,269.0,1.0,373.88,0
172.5,Debit,Online,68.0,Doctor,30.999999999999996,1.0,6851.16,2
265.44,Debit,ATM,30.0,Engineer,169.0,1.0,9700.77,1
152.34,Debit,Branch,55.0,Doctor,115.0,1.0,6853.51,2
21.13,Debit,Branch,28.0,Student,153.0,1.0,948.7,0
111.55,Debit,ATM,46.0,Doctor,101.0,1.0,12221.17,1
148.77,Debit,Branch,67.0,Retired,175.0,1.0,2138.42,2
14.08,Debit,Branch,57.0,Retired,154.0,1.0,3908.6499999999996,2
206.51,Debit,ATM,51.0,Retired,275.0,1.0,3921.74,2
180.94,Debit,Branch,75.0,Retired,57.0,1.0,7659.990000000001,2
77.9,Debit,Branch,21.0,Student,128.0,1.0,664.7199999999999,0
100.68,Debit,Online,63.0,Retired,139.0,1.0,1123.75,2
589.64,Debit,Online,62.0,Retired,210.0,1.0,2039.4,2
651.55,Debit,Online,72.0,Retired,82.0,1.0,2325.78,2
80.97,Debit,Online,38.0,Doctor,157.0,1.0,5926.31,1
191.89,Debit,Branch,25.0,Student,14.0,1.0,399.57,0
201.53,Debit,Online,68.0,Retired,287.0,1.0,2732.86,2
8.45,Debit,ATM,22.0,Student,141.0,1.0,1115.3,0
435.98,Debit,Branch,30.0,Engineer,105.0,1.0,7334.08,1
16.27,Debit,ATM,57.0,Doctor,44.0,1.0,10971.32,1
290.86,Debit,Online,45.0,Doctor,36.0,1.0,14631.88,1
85.73,Debit,ATM,41.0,Doctor,266.0,1.0,14928.35,1
40.03,Debit,Branch,23.0,Student,200.00000000000003,1.0,6408.8,0
346.12,Debit,Branch,44.0,Doctor,12.0,1.0,13084.27,1
252.92999999999998,Debit,ATM,75.0,Retired,222.0,1.0,2760.37,2
58.7,Debit,Branch,67.0,Doctor,141.0,1.0,8937.35,2
7.5600000000000005,Debit,ATM,40.0,Doctor,145.0,1.0,8528.72,1
540.4,Debit,Branch,45.0,Doctor,272.0,1.0,425.77,0
264.14,Debit,ATM,64.0,Doctor,125.0,1.0,8459.26,2
248.15000000000003,Debit,ATM,75.0,Retired,202.0,1.0,2649.23,2
24.34,Debit,Branch,54.0,Engineer,110.0,1.0,6659.12,2
428.61,Debit,ATM,66.0,Doctor,61.99999999999999,1.0,11937.04,1
165.8,Debit,Online,60.0,Engineer,287.0,1.0,2064.76,2
289.18,Debit,ATM,65.0,Retired,64.0,1.0,3139.75,2
125.38999999999999,Debit,ATM,21.0,Student,140.0,1.0,202.69,0
305.18,Debit,Online,58.0,Retired,215.99999999999997,1.0,4474.2,2
42.09,Debit,Branch,29.0,Engineer,118.0,1.0,5526.28,0
607.28,Debit,ATM,32.0,Doctor,84.00000000000001,1.0,9679.68,1
91.9,Debit,Online,77.0,Retired,125.0,1.0,1033.94,2
303.43,Debit,Branch,22.0,Student,30.0,1.0,1833.24,0
668.78,Debit,ATM,20.0,Student,141.0,1.0,983.6799999999998,0
247.93,Debit,Branch,37.0,Engineer,79.0,1.0,9801.48,1
34.67,Debit,Online,19.0,Student,71.0,1.0,888.6,0
148.26,Debit,ATM,25.0,Student,57.0,1.0,958.7,0
373.99,Debit,ATM,60.0,Doctor,140.0,1.0,8590.5,1
254.33999999999997,Debit,Online,49.0,Engineer,79.0,1.0,5461.08,2
819.48,Debit,ATM,25.0,Student,26.0,1.0,1804.5,0
14.0,Debit,ATM,49.0,Engineer,173.0,1.0,7975.179999999999,1
57.16,Debit,ATM,40.0,Engineer,74.0,1.0,222.22,0
282.26,Debit,Online,37.0,Engineer,278.0,1.0,6857.2,1
46.96,Debit,Online,46.0,Engineer,12.0,1.0,2028.92,2
473.2,Debit,Online,34.0,Doctor,173.0,1.0,248.52,0
192.97,Debit,ATM,59.0,Retired,140.0,1.0,3019.04,2
168.99,Debit,ATM,18.0,Student,203.0,1.0,1523.57,0
1.8200000000000003,Debit,Online,80.0,Retired,60.00000000000001,1.0,5571.39,2
40.9,Debit,ATM,55.0,Doctor,37.0,1.0,1514.34,2
78.91,Debit,Online,61.0,Doctor,157.0,1.0,1817.43,2
148.13,Debit,Branch,58.0,Retired,56.0,1.0,2189.38,2
164.52,Debit,ATM,61.0,Doctor,162.0,1.0,11036.74,1
720.89,Debit,ATM,27.0,Student,120.0,1.0,447.06,0
268.7,Debit,ATM,53.0,Retired,63.0,1.0,2104.74,2
637.34,Debit,ATM,51.0,Retired,278.0,1.0,5183.5,2
418.02,Debit,ATM,46.0,Doctor,110.0,1.0,11011.86,1
251.4,Debit,ATM,57.0,Retired,178.0,1.0,2561.67,2
184.56,Debit,Online,21.0,Student,93.0,1.0,1549.27,0
33.76,Debit,Online,26.0,Engineer,227.0,1.0,3253.51,0
253.46000000000004,Debit,ATM,45.0,Engineer,60.00000000000001,1.0,1338.95,0
42.56,Debit,Online,18.0,Student,146.0,1.0,4361.44,0
680.76,Debit,Branch,21.0,Student,165.0,1.0,572.97,0
53.83,Debit,Branch,70.0,Retired,131.0,1.0,4580.59,2
11.09,Debit,Branch,51.0,Engineer,95.0,1.0,2990.05,2
37.81,Debit,Branch,63.0,Retired,195.0,1.0,5208.98,2
449.18,Debit,Online,67.0,Retired,50.00000000000001,1.0,1025.99,2
297.6,Debit,Online,39.0,Doctor,162.0,1.0,1461.17,0
683.75,Debit,Branch,32.0,Doctor,106.0,1.0,6333.72,1
315.94,Debit,ATM,78.0,Retired,93.0,1.0,4273.99,2
216.03,Debit,ATM,42.0,Doctor,300.0,1.0,10462.77,1
17.42,Debit,ATM,74.0,Retired,150.0,1.0,6851.31,2
491.91,Debit,Online,78.0,Retired,155.0,1.0,2421.94,2
218.07,Debit,Branch,23.0,Student,243.0,1.0,443.62,0
291.09,Debit,Branch,48.0,Engineer,73.0,1.0,6312.79,1
613.21,Debit,ATM,61.0,Retired,157.0,1.0,3279.12,2
73.83,Debit,Online,69.0,Doctor,69.00000000000001,1.0,6020.29,2
67.33,Debit,Online,59.0,Engineer,36.0,1.0,5925.98,2
26.92,Debit,ATM,62.0,Retired,43.0,1.0,1674.94,2
18.3,Debit,Online,48.0,Engineer,155.0,1.0,3733.5200000000004,2
317.94,Debit,ATM,54.0,Engineer,123.99999999999999,1.0,2996.51,2
179.38,Debit,Online,40.0,Doctor,173.0,1.0,11666.18,1
13.92,Debit,ATM,37.0,Engineer,209.0,1.0,2735.84,0
365.43,Debit,ATM,25.0,Student,176.0,1.0,1073.51,0
263.59,Debit,Branch,71.0,Retired,16.0,1.0,6996.35,2
54.8,Debit,Branch,34.0,Engineer,140.0,1.0,4943.49,0
141.49,Debit,Online,24.0,Student,75.0,1.0,1665.58,0
31.389999999999997,Debit,ATM,20.0,Student,15.0,1.0,998.4900000000001,0
93.82,Debit,Online,39.0,Engineer,176.0,1.0,8422.06,1
5.71,Debit,Branch,21.0,Student,106.0,1.0,1285.42,0
178.39,Debit,Online,34.0,Engineer,98.0,1.0,8469.43,1
126.91,Debit,ATM,22.0,Student,42.00000000000001,1.0,692.6899999999999,0
36.09,Debit,Branch,53.0,Doctor,167.0,1.0,12319.26,1
91.77,Debit,Branch,51.0,Doctor,174.0,1.0,9240.73,1
198.92,Debit,Online,36.0,Engineer,100.00000000000001,1.0,2854.66,0
137.81,Debit,Branch,58.0,Engineer,44.0,1.0,2631.47,2
133.07,Debit,Branch,21.0,Student,155.0,1.0,1670.99,0
1.14,Debit,Branch,43.0,Doctor,137.0,1.0,13913.92,1
256.34,Debit,Branch,69.0,Retired,99.0,1.0,7471.630000000001,2
56.11,Debit,Branch,36.0,Doctor,109.0,1.0,11123.65,1
118.1,Debit,ATM,50.0,Engineer,50.00000000000001,1.0,7976.6,1
237.97,Debit,ATM,69.0,Doctor,69.00000000000001,1.0,13486.15,1
684.96,Debit,ATM,21.0,Student,30.999999999999996,1.0,526.67,0
878.63,Debit,ATM,60.0,Engineer,139.0,1.0,4954.37,2
276.56,Debit,Branch,68.0,Doctor,15.0,1.0,8942.58,2
8.75,Debit,ATM,79.0,Retired,199.0,1.0,4044.6199999999994,2
637.48,Debit,Online,65.0,Retired,207.0,1.0,4148.85,2
103.15,Debit,Branch,51.0,Doctor,179.0,1.0,11388.15,1
505.59999999999997,Debit,Branch,52.0,Retired,183.0,1.0,5347.57,2
371.86,Debit,ATM,46.0,Doctor,91.0,1.0,1329.45,0
14.26,Debit,Branch,50.0,Engineer,37.0,1.0,2475.65,2
13.16,Debit,Branch,43.0,Engineer,98.0,1.0,1019.46,0
73.01,Debit,ATM,56.0,Retired,101.0,1.0,2833.12,2
150.3,Debit,Online,41.0,Doctor,204.0,1.0,14371.08,1
23.7,Debit,ATM,46.0,Doctor,32.0,1.0,7947.439999999999,1
49.59,Debit,Branch,48.0,Engineer,147.0,1.0,6037.03,2
134.92,Debit,Online,19.0,Student,101.0,1.0,1081.97,0
116.97,Debit,ATM,18.0,Student,299.0,1.0,729.7,0
5.81,Debit,ATM,25.0,Student,222.0,1.0,1290.95,0
103.48,Debit,ATM,32.0,Engineer,33.0,1.0,6494.25,1
156.74,Debit,ATM,70.0,Retired,136.0,1.0,4004.35,2
505.14,Debit,ATM,68.0,Retired,179.0,1.0,2525.47,2
31.060000000000002,Debit,ATM,46.0,Doctor,61.00000000000001,1.0,11014.25,1
7.610000000000001,Debit,ATM,50.0,Doctor,163.0,1.0,6275.0,2
145.77,Debit,ATM,68.0,Retired,237.0,1.0,5294.98,2
369.44,Debit,Online,34.0,Engineer,18.999999999999996,1.0,5018.67,0
558.86,Debit,ATM,60.0,Doctor,95.0,1.0,9844.32,1
429.15,Debit,Branch,26.0,Student,218.0,1.0,712.1299999999999,0
36.74,Debit,Branch,33.0,Doctor,133.0,1.0,6217.58,1
132.48,Debit,Branch,36.0,Engineer,101.0,1.0,9313.05,1
203.76,Debit,Branch,55.0,Retired,37.0,1.0,6747.16,2
750.95,Debit,Branch,78.0,Retired,26.999999999999996,1.0,5134.37,2
0.84,Debit,ATM,52.0,Engineer,30.999999999999996,1.0,2207.54,2
257.18,Debit,Online,67.0,Doctor,28.0,1.0,13336.15,1
767.66,Debit,ATM,63.0,Doctor,155.0,1.0,1801.69,2
182.29,Debit,Online,54.0,Doctor,123.0,1.0,522.39,2
144.1,Debit,Branch,57.0,Doctor,30.0,1.0,11523.64,1
72.5,Debit,ATM,40.0,Doctor,30.0,1.0,12723.62,1
22.15,Debit,Branch,44.0,Doctor,73.0,1.0,7451.83,1
777.92,Debit,Branch,62.0,Doctor,97.0,1.0,7061.58,2
790.07,Debit,Online,28.0,Student,197.0,1.0,985.7700000000001,0
767.41,Debit,ATM,56.0,Doctor,26.999999999999996,1.0,12799.34,1
49.67,Debit,Online,21.0,Student,146.0,1.0,842.94,0
702.87,Debit,ATM,19.0,Student,183.99999999999997,1.0,1237.5,0
133.56,Debit,Online,25.0,Student,177.0,1.0,783.8299999999999,0
52.87,Debit,Branch,24.0,Student,70.0,1.0,960.96,0
179.0,Debit,ATM,78.0,Retired,121.0,1.0,7310.88,2
384.11,Debit,ATM,58.0,Retired,12.0,1.0,7902.5199999999995,2
227.61,Debit,Online,71.0,Retired,61.00000000000001,1.0,4405.28,2
40.83,Debit,ATM,48.0,Engineer,24.0,1.0,3944.12,2
19.76,Debit,ATM,20.0,Student,240.0,1.0,1523.04,0
484.24,Debit,Branch,67.0,Doctor,77.0,1.0,8042.299999999999,2
494.66,Debit,Online,33.0,Doctor,110.0,1.0,5531.93,0
301.47,Debit,Branch,21.0,Student,291.0,1.0,560.73,0
199.09,Debit,Online,70.0,Doctor,89.0,1.0,1658.52,2
38.95,Debit,Online,27.0,Engineer,50.00000000000001,1.0,731.52,0
515.94,Debit,ATM,29.0,Engineer,37.0,1.0,1389.89,0
41.93,Debit,ATM,48.0,Engineer,136.0,1.0,5081.26,2
137.84,Debit,ATM,27.0,Student,83.0,1.0,1000.3500000000001,0
95.35,Debit,Online,21.0,Student,131.0,1.0,1639.9,0
93.14,Debit,Online,67.0,Retired,151.0,1.0,5473.82,2
76.89,Debit,ATM,55.0,Doctor,132.0,1.0,7374.26,2
233.71,Debit,Online,19.0,Student,297.0,1.0,1231.98,0
14.92,Debit,Branch,26.0,Engineer,120.0,1.0,6611.26,0
242.17,Debit,ATM,60.0,Doctor,147.0,1.0,883.7199999999999,2
122.98,Debit,Online,79.0,Retired,228.0,1.0,5055.99,2
129.35,Debit,ATM,52.0,Engineer,130.0,1.0,7166.88,1
138.33,Debit,Online,21.0,Student,69.00000000000001,1.0,232.56,0
39.31,Debit,Online,25.0,Student,178.0,1.0,1236.38,0
91.85,Debit,Online,21.0,Student,148.0,1.0,802.09,0
277.7,Debit,Branch,58.0,Engineer,107.0,1.0,1423.2,2
114.03,Debit,ATM,51.0,Doctor,172.0,1.0,13388.56,1
31.19,Debit,ATM,52.0,Engineer,74.0,1.0,5545.96,2
742.26,Debit,Online,27.0,Engineer,36.0,1.0,7868.189999999999,1
256.8,Debit,ATM,26.0,Student,80.0,1.0,1128.38,0
378.68,Debit,ATM,60.0,Doctor,239.0,1.0,7627.04,2
571.93,Debit,Online,52.0,Retired,119.0,1.0,4026.0300000000007,2
205.58,Debit,Online,20.0,Student,159.0,1.0,1501.95,0
533.61,Debit,Online,48.0,Engineer,115.0,1.0,3656.93,2
428.62,Debit,Branch,55.0,Retired,72.0,1.0,3473.24,2
361.22,Debit,ATM,64.0,Retired,167.0,1.0,7061.73,2
837.29,Debit,Branch,25.0,Student,215.99999999999997,1.0,6012.67,0
135.27,Debit,ATM,48.0,Doctor,131.0,1.0,9410.51,1
185.1,Debit,Branch,53.0,Retired,22.999999999999996,1.0,6115.63,2
113.54,Debit,Online,38.0,Engineer,273.0,1.0,5581.21,1
354.96,Debit,Online,69.0,Doctor,96.0,1.0,6712.94,2
224.22,Debit,Branch,53.0,Doctor,37.0,1.0,8400.87,1
737.1,Debit,ATM,60.0,Retired,91.99999999999999,1.0,4644.19,2
223.22,Debit,ATM,27.0,Student,96.0,1.0,1734.22,0
557.26,Debit,ATM,69.0,Doctor,53.00000000000001,1.0,5237.12,2
27.44,Debit,ATM,62.0,Retired,164.0,1.0,5950.48,2
310.09,Debit,Branch,36.0,Doctor,166.0,1.0,9962.5,1
80.38,Debit,Online,52.0,Doctor,116.00000000000001,1.0,9662.88,1
59.73,Debit,ATM,27.0,Student,56.0,1.0,800.93,0
758.77,Debit,ATM,60.0,Engineer,114.0,1.0,7231.47,2
301.51,Debit,ATM,22.0,Student,284.0,1.0,1052.31,0
418.03,Debit,Online,58.0,Doctor,161.0,1.0,10721.29,1
483.92,Debit,ATM,70.0,Retired,115.0,1.0,3138.0,2
78.93,Debit,ATM,38.0,Doctor,145.0,1.0,9916.24,1
36.63,Debit,ATM,75.0,Retired,261.0,1.0,7941.73,2
87.85,Debit,Branch,49.0,Engineer,63.0,1.0,3753.2400000000002,2
705.34,Debit,Online,59.0,Doctor,123.99999999999999,1.0,5003.22,2
116.89,Debit,Online,71.0,Retired,226.0,1.0,4880.31,2
106.41,Debit,Branch,57.0,Retired,87.0,1.0,1310.38,2
584.41,Debit,ATM,23.0,Student,41.0,1.0,4475.22,0
79.21,Debit,Branch,56.0,Retired,140.0,1.0,1615.04,2
335.7,Debit,ATM,80.0,Retired,57.0,1.0,6601.44,2
422.81,Debit,Branch,28.0,Student,193.0,1.0,1929.2799999999997,0
135.43,Debit,ATM,57.0,Retired,91.99999999999999,1.0,5315.83,2
584.88,Debit,ATM,26.0,Student,121.0,1.0,548.45,0
308.94,Debit,Online,25.0,Student,167.0,1.0,1931.6599999999999,0
295.93,Debit,Branch,36.0,Doctor,117.0,1.0,1050.63,0
77.44,Debit,Branch,58.0,Retired,268.0,1.0,1950.63,2
291.68,Debit,ATM,21.0,Student,90.0,1.0,1451.02,0
56.96,Debit,ATM,22.0,Student,135.0,1.0,1597.85,0
436.8,Debit,Online,27.0,Student,91.99999999999999,1.0,1256.33,0
259.49,Debit,Online,72.0,Retired,292.0,1.0,7320.61,2
726.26,Debit,Online,57.0,Retired,147.0,1.0,2150.38,2
568.68,Debit,ATM,72.0,Retired,101.0,1.0,2940.04,2
77.57,Debit,Online,49.0,Doctor,225.0,1.0,12801.93,1
61.330000000000005,Debit,ATM,27.0,Engineer,129.0,1.0,7537.400000000001,1
27.64,Debit,Online,54.0,Engineer,22.999999999999996,1.0,7498.509999999999,1
3.85,Debit,ATM,29.0,Doctor,32.0,1.0,10506.41,1
178.55,Debit,Branch,55.0,Engineer,67.0,1.0,7568.400000000001,2
248.76,Debit,ATM,18.0,Student,56.0,1.0,546.46,0
76.16,Debit,ATM,23.0,Student,99.0,1.0,1072.25,0
347.25,Debit,ATM,69.0,Doctor,250.0,1.0,7273.55,2
325.98,Debit,ATM,19.0,Student,277.0,1.0,782.35,0
249.56000000000003,Debit,Branch,76.0,Retired,246.0,1.0,4444.95,2
17.43,Debit,ATM,56.0,Doctor,33.0,1.0,10658.88,1
585.58,Debit,Branch,23.0,Student,55.0,1.0,1729.02,0
331.98,Debit,ATM,74.0,Retired,12.0,1.0,7600.99,2
199.54,Debit,Online,56.0,Engineer,268.0,1.0,9603.73,1
212.97,Debit,Online,59.0,Engineer,178.0,1.0,4180.4,2
270.56,Debit,Online,23.0,Student,139.0,1.0,1268.44,0
306.37,Debit,ATM,26.0,Engineer,120.0,1.0,9609.67,1
98.48,Debit,Branch,47.0,Engineer,12.0,1.0,9538.92,1
889.01,Debit,Online,36.0,Engineer,169.0,1.0,4826.88,0
537.86,Debit,Online,27.0,Student,134.0,1.0,293.06,0
241.18,Debit,ATM,25.0,Student,162.0,1.0,1445.53,0
130.54,Debit,ATM,64.0,Doctor,94.0,1.0,11204.62,1
8.81,Debit,Online,57.0,Doctor,165.0,1.0,13523.65,1
28.52,Debit,ATM,20.0,Student,163.0,1.0,662.51,0
199.23,Debit,ATM,29.0,Engineer,53.99999999999999,1.0,9834.0,1
42.26,Debit,ATM,44.0,Doctor,171.0,1.0,268.77,0
166.06,Debit,ATM,30.0,Engineer,172.0,1.0,5397.68,0
357.72,Debit,ATM,53.0,Retired,25.000000000000004,1.0,7659.500000000001,1
588.37,Debit,Online,28.0,Student,284.0,1.0,1926.0799999999997,0
72.82,Debit,Online,68.0,Doctor,127.0,1.0,6911.62,2
162.36,Debit,Online,36.0,Engineer,147.0,1.0,7527.040000000001,1
639.57,Debit,Branch,60.0,Doctor,43.0,1.0,11726.47,1
58.23,Debit,Online,28.0,Student,34.0,1.0,9189.76,1
248.76,Debit,Branch,21.0,Student,117.0,1.0,6178.77,0
188.61,Debit,Online,67.0,Retired,26.0,1.0,7167.57,2
50.28,Debit,Branch,60.0,Engineer,65.0,1.0,5729.1,2
70.68,Debit,Online,25.0,Student,105.0,1.0,1478.41,0
261.77,Debit,Online,28.0,Student,45.99999999999999,1.0,824.7099999999999,0
183.22,Debit,ATM,27.0,Student,63.0,1.0,1024.42,0
156.86,Debit,ATM,51.0,Doctor,102.0,1.0,14453.35,1
120.67,Debit,ATM,42.0,Doctor,233.0,1.0,5374.54,1
506.81,Debit,ATM,59.0,Engineer,41.0,1.0,2757.23,2
328.39,Debit,ATM,41.0,Engineer,107.99999999999999,1.0,2523.83,0
796.3,Debit,Branch,67.0,Retired,64.0,1.0,1498.79,2
72.47,Debit,Online,29.0,Doctor,72.0,1.0,1305.56,0
279.6,Debit,ATM,25.0,Student,131.0,1.0,1910.9000000000003,0
304.2,Debit,Online,25.0,Student,102.0,1.0,423.64,0
351.38,Debit,Branch,64.0,Retired,21.000000000000004,1.0,7606.63,2
86.07,Debit,Branch,31.0,Doctor,22.999999999999996,1.0,842.5599999999998,0
604.5,Debit,ATM,28.0,Student,80.0,1.0,709.4199999999998,0
258.7,Debit,ATM,27.0,Student,123.0,1.0,1358.37,0
63.75999999999999,Debit,ATM,69.0,Retired,100.00000000000001,1.0,4980.26,2
63.540000000000006,Debit,ATM,26.0,Engineer,136.0,1.0,4401.78,0
81.11,Debit,Online,48.0,Engineer,110.0,1.0,2051.37,2
170.96,Debit,Branch,64.0,Doctor,69.00000000000001,1.0,13374.89,1
48.51,Debit,Branch,22.0,Student,69.00000000000001,1.0,3363.23,0
325.03,Debit,Branch,60.0,Doctor,106.0,1.0,13521.76,1
125.83,Debit,ATM,57.0,Retired,138.0,1.0,6109.86,2
506.83,Debit,Branch,37.0,Engineer,45.0,1.0,9975.79,1
738.94,Debit,Branch,41.0,Doctor,173.0,1.0,13856.18,1
225.1,Debit,ATM,28.0,Student,35.0,1.0,1547.71,0
359.51,Debit,Online,79.0,Retired,157.0,1.0,7153.72,2
720.46,Debit,Branch,54.0,Retired,44.0,1.0,3101.54,2
291.46,Debit,ATM,57.0,Retired,135.0,1.0,7142.53,2
98.24,Debit,Online,28.0,Student,148.0,1.0,580.66,0
45.9,Debit,Branch,56.0,Engineer,264.0,1.0,5698.25,2
258.21,Debit,Online,39.0,Doctor,225.0,1.0,9562.41,1
287.51,Debit,Online,22.0,Student,255.0,1.0,187.65,0
26.1,Debit,ATM,27.0,Student,32.0,1.0,1435.72,0
436.77,Debit,ATM,20.0,Student,176.0,1.0,825.69,0
292.38,Debit,ATM,68.0,Doctor,224.0,1.0,5803.89,2
25.29,Debit,Online,50.0,Engineer,125.0,1.0,5374.69,2
139.52,Debit,Branch,23.0,Student,30.999999999999996,1.0,1570.22,0
51.2,Debit,Online,18.0,Student,83.0,1.0,730.6,0
2.51,Debit,Online,63.0,Retired,32.0,1.0,4891.56,2
22.62,Debit,ATM,64.0,Doctor,102.0,1.0,7682.0,2
126.83000000000001,Debit,Branch,57.0,Retired,39.0,1.0,6100.98,2
46.6,Debit,Online,55.0,Doctor,68.00000000000001,1.0,1562.9,2
243.8,Debit,Branch,57.0,Doctor,48.0,1.0,13732.81,1
175.05,Debit,Online,39.0,Engineer,34.0,1.0,1447.35,0
762.74,Debit,ATM,64.0,Doctor,244.0,1.0,207.1,2
34.03,Debit,Branch,57.0,Engineer,37.99999999999999,1.0,3077.2,2
15.950000000000001,Debit,Branch,25.0,Student,52.00000000000001,1.0,1983.0,0
309.42,Debit,Branch,27.0,Engineer,42.00000000000001,1.0,8564.46,1
476.99,Debit,Online,23.0,Student,187.0,1.0,1154.48,0
320.11,Debit,Branch,23.0,Student,130.0,1.0,4076.4799999999996,0
333.39,Debit,ATM,68.0,Doctor,35.0,1.0,10628.59,1
10.3,Debit,ATM,47.0,Engineer,197.0,1.0,7801.32,1
416.55,Debit,Online,33.0,Engineer,73.0,1.0,922.9599999999999,0
84.91,Debit,Online,18.0,Student,68.00000000000001,1.0,1671.86,0
98.95,Debit,Branch,75.0,Retired,73.0,1.0,5670.82,2
215.13,Debit,Online,46.0,Engineer,114.0,1.0,3956.6899999999996,2
341.88,Debit,ATM,43.0,Engineer,89.0,1.0,4159.52,2
691.92,Debit,Online,19.0,Student,61.00000000000001,1.0,1084.65,0
50.43,Debit,Branch,32.0,Doctor,51.00000000000001,1.0,9794.26,1
440.43,Debit,Branch,78.0,Retired,22.999999999999996,1.0,5123.24,2
299.03,Debit,Branch,39.0,Engineer,52.00000000000001,1.0,1381.28,0
1.98,Debit,ATM,66.0,Doctor,170.0,1.0,11619.1,1
173.45,Debit,ATM,31.0,Engineer,161.0,1.0,9077.62,1
438.76,Debit,Branch,22.0,Student,73.0,1.0,1824.19,0
738.68,Debit,Online,50.0,Doctor,123.99999999999999,1.0,14352.33,1
151.14,Debit,Online,64.0,Retired,37.99999999999999,1.0,2156.54,2
75.77,Debit,Branch,51.0,Engineer,148.0,1.0,8361.7,1
444.52,Debit,Online,27.0,Engineer,17.0,1.0,5424.6,0
5.29,Debit,Online,52.0,Doctor,276.0,1.0,11263.89,1
256.95,Debit,Branch,26.0,Engineer,71.0,1.0,2531.24,0
84.28,Debit,Branch,39.0,Doctor,142.0,1.0,13586.06,1
154.99,Debit,Branch,25.0,Student,53.00000000000001,1.0,1419.31,0
481.53,Debit,Branch,58.0,Retired,277.0,1.0,6142.54,2
172.92,Debit,Online,20.0,Student,212.0,1.0,416.37,0
207.2,Debit,Online,60.0,Engineer,133.0,1.0,8092.9400000000005,2
136.82,Debit,Branch,31.0,Engineer,14.0,1.0,6229.13,1
179.38,Debit,Online,30.0,Engineer,28.0,1.0,8741.51,1
26.3,Debit,ATM,32.0,Doctor,33.0,1.0,7473.73,1
182.42,Debit,Branch,51.0,Retired,137.0,1.0,3051.29,2
716.62,Debit,ATM,44.0,Doctor,241.0,1.0,6987.4,1
79.77,Debit,ATM,68.0,Retired,167.0,1.0,5010.31,2
431.08,Debit,Branch,59.0,Retired,25.000000000000004,1.0,6760.22,2
592.24,Debit,ATM,52.0,Doctor,140.0,1.0,9817.05,1
345.86,Debit,ATM,51.0,Retired,145.0,1.0,1504.64,2
343.88,Debit,Online,63.0,Retired,97.0,1.0,6486.18,2
162.1,Debit,Branch,41.0,Engineer,151.0,1.0,8576.65,1
36.12,Debit,Online,22.0,Student,234.0,1.0,1593.03,0
354.91,Debit,ATM,74.0,Retired,191.0,1.0,3872.5500000000006,2
38.41,Debit,ATM,40.0,Doctor,117.0,1.0,9129.68,1
53.52,Debit,Branch,49.0,Engineer,55.0,1.0,2227.49,2
498.59,Debit,Online,57.0,Retired,138.0,1.0,2619.46,2
13.3,Debit,ATM,23.0,Student,63.0,1.0,213.0,0
189.65,Debit,ATM,21.0,Student,60.00000000000001,1.0,8457.09,1
255.32,Debit,ATM,80.0,Retired,26.999999999999996,1.0,6290.62,2
237.74,Debit,ATM,61.0,Doctor,151.99999999999997,1.0,11795.12,1
512.76,Debit,ATM,52.0,Doctor,26.0,1.0,5121.36,2
151.37,Debit,ATM,54.0,Engineer,53.00000000000001,1.0,8356.08,1
444.47,Debit,Online,57.0,Retired,61.00000000000001,1.0,6062.94,2
184.19,Debit,ATM,67.0,Retired,58.00000000000001,1.0,7588.67,2
393.74,Debit,Online,26.0,Student,90.0,1.0,1769.06,0
58.94,Debit,Online,30.0,Engineer,26.0,1.0,4575.98,0
515.57,Debit,ATM,27.0,Engineer,56.0,1.0,9269.67,1
332.15,Debit,ATM,59.0,Doctor,105.0,1.0,9749.46,1
177.94,Debit,Online,19.0,Student,173.0,1.0,123.23999999999998,0
68.68,Debit,Online,49.0,Engineer,141.0,1.0,4718.51,2
240.03,Debit,Online,33.0,Engineer,30.999999999999996,1.0,7807.73,1
168.34,Debit,ATM,64.0,Retired,240.0,1.0,7483.01,2
474.77,Debit,Online,46.0,Engineer,284.0,1.0,8494.53,1
451.7,Debit,Online,29.0,Engineer,103.0,1.0,8994.67,1
243.84999999999997,Debit,Branch,39.0,Engineer,43.0,1.0,4576.78,0
5.76,Debit,Branch,38.0,Engineer,164.0,1.0,5859.79,1
435.08,Debit,Online,55.0,Engineer,78.0,1.0,2103.41,2
127.78,Debit,ATM,20.0,Student,170.0,1.0,1046.66,0
545.87,Debit,Branch,27.0,Engineer,41.0,1.0,4860.01,0
21.21,Debit,Online,55.0,Engineer,37.0,1.0,9575.42,1
114.15,Debit,ATM,19.0,Student,52.00000000000001,1.0,1612.4,0
590.68,Debit,Branch,27.0,Student,22.999999999999996,1.0,852.1999999999999,0
152.42,Debit,ATM,42.0,Doctor,176.0,1.0,9141.79,1
615.16,Debit,Online,26.0,Student,140.0,1.0,214.61,0
220.52,Debit,ATM,57.0,Retired,151.99999999999997,1.0,1793.09,2
281.47,Debit,ATM,34.0,Engineer,142.0,1.0,4437.48,0
453.09,Debit,Branch,48.0,Doctor,97.0,1.0,6708.65,1
424.47,Debit,Online,22.0,Student,116.00000000000001,1.0,5491.55,0
228.4,Debit,ATM,67.0,Doctor,116.00000000000001,1.0,9598.43,2
67.17,Debit,Online,63.0,Doctor,48.0,1.0,14410.44,1
284.89,Debit,Online,53.0,Doctor,115.0,1.0,9738.6,1
118.69,Debit,Online,33.0,Doctor,296.0,1.0,749.3399999999999,0
221.33,Debit,ATM,27.0,Student,276.0,1.0,1185.43,0
194.68,Debit,Online,32.0,Doctor,165.0,1.0,14494.18,1
433.53,Debit,Branch,38.0,Doctor,231.0,1.0,6368.32,1
178.26,Debit,ATM,59.0,Retired,59.00000000000001,1.0,1137.13,2
207.65,Debit,Online,34.0,Engineer,98.0,1.0,5143.8,0
237.0,Debit,Online,49.0,Doctor,115.0,1.0,14021.4,1
517.68,Debit,ATM,31.0,Doctor,24.0,1.0,11305.81,1
36.25,Debit,Branch,52.0,Doctor,75.99999999999999,1.0,193.06,2
46.53,Debit,ATM,42.0,Engineer,34.0,1.0,4468.12,2
207.47,Debit,ATM,53.0,Doctor,12.0,1.0,1688.9,2
199.7,Debit,ATM,43.0,Engineer,285.0,1.0,7574.449999999999,1
20.06,Debit,ATM,27.0,Student,144.0,1.0,445.21,0
236.57,Debit,ATM,79.0,Retired,112.0,1.0,3488.77,2
0.32,Debit,ATM,39.0,Engineer,136.0,1.0,7158.58,1
14.28,Debit,ATM,23.0,Student,81.0,1.0,1597.51,0
317.53,Debit,Online,44.0,Engineer,104.0,1.0,6237.68,1
74.67,Debit,ATM,43.0,Engineer,283.0,1.0,3449.35,0
0.45,Debit,Branch,34.0,Engineer,172.0,1.0,8670.23,1
364.13,Debit,ATM,63.0,Doctor,61.00000000000001,1.0,8198.0,2
222.66,Debit,Online,39.0,Doctor,88.0,1.0,14466.38,1
638.24,Debit,Branch,48.0,Engineer,64.0,1.0,5695.78,2
241.21,Debit,ATM,31.0,Engineer,107.99999999999999,1.0,1220.86,0
171.16,Debit,Online,51.0,Retired,42.00000000000001,1.0,6126.5,2
25.77,Debit,Online,68.0,Retired,18.0,1.0,4331.54,2
789.8,Debit,ATM,40.0,Doctor,94.0,1.0,13948.09,1
806.97,Debit,Online,25.0,Student,11.0,1.0,102.2,0
364.81,Debit,Online,25.0,Student,53.00000000000001,1.0,1145.23,0
490.82,Debit,ATM,26.0,Engineer,114.0,1.0,8704.27,1
311.28,Debit,Branch,49.0,Doctor,198.0,1.0,135.96,2
85.03,Debit,ATM,51.0,Retired,48.0,1.0,4597.57,2
307.75,Debit,Branch,64.0,Doctor,63.0,1.0,1061.58,2
333.67,Debit,Online,36.0,Engineer,68.00000000000001,1.0,9238.08,1
372.08,Debit,Branch,66.0,Doctor,63.0,1.0,13330.74,1
103.81,Debit,ATM,36.0,Doctor,34.0,1.0,7044.63,1
69.43,Debit,ATM,30.0,Engineer,162.0,1.0,9281.85,1
251.8,Debit,ATM,62.0,Doctor,102.0,1.0,11796.66,1
334.07,Debit,Branch,59.0,Engineer,200.00000000000003,1.0,7306.79,2
52.44,Debit,Online,27.0,Student,87.0,1.0,3157.75,0
141.37,Debit,Online,46.0,Engineer,77.0,1.0,1019.7699999999999,0
308.23,Debit,ATM,60.0,Retired,22.999999999999996,1.0,4150.63,2
111.41,Debit,Branch,21.0,Student,181.0,1.0,1204.11,0
675.49,Debit,ATM,61.0,Retired,159.0,1.0,1892.9999999999998,2
29.72,Debit,ATM,26.0,Student,37.99999999999999,1.0,1059.62,0
301.73,Debit,Online,67.0,Doctor,163.0,1.0,990.7399999999999,2
294.61,Debit,Branch,60.0,Retired,74.0,1.0,7375.59,2
381.52,Debit,Online,36.0,Doctor,79.0,1.0,5798.92,1
5.66,Debit,Branch,40.0,Engineer,33.0,1.0,5434.64,1
209.09,Debit,ATM,48.0,Doctor,203.0,1.0,9100.81,1
521.81,Debit,ATM,47.0,Engineer,34.0,1.0,4750.96,2
588.36,Debit,Online,33.0,Engineer,134.0,1.0,8434.99,1
146.67,Debit,Online,20.0,Student,273.0,1.0,1569.75,0
57.34,Debit,Online,27.0,Student,81.0,1.0,1100.64,0
294.77,Debit,Online,77.0,Retired,101.0,1.0,2272.17,2
881.32,Debit,Online,31.0,Engineer,59.00000000000001,1.0,2287.93,0
162.59,Debit,Branch,64.0,Retired,18.999999999999996,1.0,7104.83,2
56.15,Debit,Branch,31.0,Doctor,77.0,1.0,13265.92,1
524.55,Debit,ATM,39.0,Doctor,175.0,1.0,8292.75,1
535.4,Debit,Branch,23.0,Student,110.0,1.0,651.8399999999999,0
56.84,Debit,ATM,45.0,Engineer,185.0,1.0,7977.78,1
135.94,Debit,Branch,71.0,Retired,258.0,1.0,4710.21,2
802.89,Debit,ATM,19.0,Student,175.0,1.0,1973.63,0
193.16,Debit,ATM,64.0,Retired,109.0,1.0,2304.56,2
20.17,Debit,ATM,77.0,Retired,86.0,1.0,3869.3699999999994,2
273.24,Debit,Branch,51.0,Retired,173.0,1.0,2202.21,2
663.45,Debit,ATM,67.0,Retired,147.0,1.0,5897.29,2
343.86,Debit,Branch,57.0,Engineer,70.0,1.0,3278.65,2
75.43,Debit,ATM,77.0,Retired,266.0,1.0,1441.86,2
414.64,Debit,Branch,32.0,Doctor,74.0,1.0,7253.22,1
86.79,Debit,Branch,33.0,Doctor,166.0,1.0,8795.37,1
14.1,Debit,Branch,45.0,Engineer,73.0,1.0,6949.21,1
606.27,Debit,Branch,29.0,Doctor,42.00000000000001,1.0,9668.78,1
4.47,Debit,Branch,27.0,Student,132.0,1.0,1381.75,0
289.01,Debit,Online,66.0,Retired,96.0,1.0,4226.26,2
338.69,Debit,Branch,18.0,Student,169.0,1.0,1137.89,0
97.73,Debit,Branch,69.0,Doctor,156.0,1.0,7885.209999999999,2
284.17,Debit,ATM,51.0,Retired,189.0,1.0,3479.56,2
76.21,Debit,Branch,22.0,Student,69.00000000000001,1.0,664.9299999999998,0
584.51,Debit,ATM,74.0,Retired,75.99999999999999,1.0,3254.56,2
432.18,Debit,Branch,18.0,Student,162.0,1.0,678.8299999999999,0
134.55,Debit,Online,59.0,Doctor,165.0,1.0,14852.42,1
61.66,Debit,ATM,26.0,Student,86.0,1.0,5705.4,0
12.35,Debit,Branch,25.0,Student,22.0,1.0,1846.85,0
213.25,Debit,Branch,25.0,Student,63.0,1.0,677.7899999999998,0
34.93,Debit,Branch,31.0,Engineer,72.0,1.0,2810.37,0
335.68,Debit,Online,24.0,Student,142.0,1.0,1188.95,0
423.96,Debit,ATM,43.0,Doctor,75.0,1.0,8374.38,1
220.82,Debit,Branch,42.0,Engineer,30.999999999999996,1.0,4298.13,2
406.12,Debit,ATM,42.0,Doctor,106.0,1.0,10501.53,1
427.83,Debit,ATM,47.0,Engineer,29.000000000000004,1.0,3293.06,2
21.9,Debit,ATM,28.0,Student,30.0,1.0,1052.27,0
393.68,Debit,ATM,55.0,Doctor,141.0,1.0,10135.88,1
281.91,Debit,Branch,25.0,Student,269.0,1.0,225.53,0
239.85,Debit,ATM,70.0,Retired,50.00000000000001,1.0,1477.63,2
237.84,Debit,Branch,26.0,Student,16.0,1.0,8932.39,1
196.49,Debit,Branch,41.0,Engineer,65.0,1.0,7516.560000000001,1
344.87,Debit,Branch,58.0,Retired,25.000000000000004,1.0,7447.44,2
16.53,Debit,ATM,21.0,Student,220.0,1.0,707.95,0
13.02,Debit,Branch,51.0,Doctor,42.00000000000001,1.0,6076.45,2
199.02,Debit,ATM,22.0,Student,185.0,1.0,793.6299999999999,0
684.5,Debit,Branch,29.0,Doctor,75.99999999999999,1.0,6258.63,0
45.92,Debit,ATM,26.0,Student,22.999999999999996,1.0,544.56,0
761.73,Debit,ATM,19.0,Student,26.999999999999996,1.0,151.28,0
331.38,Debit,ATM,42.0,Engineer,122.0,1.0,844.5499999999998,0
602.8,Debit,Branch,60.0,Retired,173.0,1.0,7417.69,2
57.38,Debit,Online,28.0,Student,86.0,1.0,899.5199999999999,0
136.31,Debit,Online,74.0,Retired,65.0,1.0,4384.95,2
4.39,Debit,ATM,26.0,Student,63.0,1.0,1429.61,0
429.25,Debit,Online,29.0,Engineer,107.0,1.0,5019.68,0
33.03,Debit,Branch,21.0,Student,28.0,1.0,935.8800000000001,0
76.39,Debit,Online,30.0,Doctor,80.0,1.0,11584.32,1
25.32,Debit,ATM,19.0,Student,25.000000000000004,1.0,1642.34,0
330.91,Debit,ATM,36.0,Engineer,28.0,1.0,6481.35,1
153.55,Debit,Online,37.0,Doctor,16.0,1.0,5619.91,1
217.61,Debit,Online,27.0,Student,120.0,1.0,1661.1,0
68.49,Debit,Online,67.0,Retired,49.0,1.0,6683.31,2
470.62,Debit,Branch,57.0,Doctor,127.0,1.0,12470.62,1
385.35,Debit,Branch,38.0,Doctor,269.0,1.0,5184.13,0
74.72,Debit,Online,26.0,Student,132.0,1.0,165.75,0
275.87,Debit,ATM,25.0,Student,112.0,1.0,1697.58,0
206.25,Debit,ATM,74.0,Retired,56.0,1.0,3651.07,2
116.76,Debit,ATM,51.0,Engineer,212.0,1.0,4480.43,2
91.5,Debit,ATM,47.0,Doctor,77.0,1.0,667.6599999999999,2
489.31000000000006,Debit,Branch,43.0,Engineer,36.0,1.0,5595.22,1
315.13,Debit,Branch,30.0,Engineer,143.0,1.0,6570.94,1
28.38,Debit,Branch,45.0,Doctor,260.0,1.0,8892.62,1
456.05,Debit,Branch,68.0,Doctor,20.0,1.0,11729.51,1
277.22,Debit,Branch,35.0,Doctor,41.0,1.0,12104.51,1
54.84,Debit,Online,52.0,Retired,123.99999999999999,1.0,3495.51,2
133.06,Debit,Online,35.0,Engineer,143.0,1.0,8843.44,1
468.32,Debit,Online,69.0,Retired,151.99999999999997,1.0,4710.04,2
582.17,Debit,Branch,57.0,Engineer,135.0,1.0,7310.83,2
245.62,Debit,Branch,23.0,Student,127.0,1.0,1879.8200000000002,0
83.6,Debit,ATM,47.0,Doctor,192.0,1.0,13899.24,1
85.58,Debit,ATM,55.0,Engineer,60.00000000000001,1.0,7794.84,1
157.56,Debit,Branch,43.0,Doctor,159.0,1.0,7541.160000000001,1
230.3,Debit,Online,46.0,Engineer,24.0,1.0,8356.88,1
305.92,Debit,ATM,72.0,Retired,88.0,1.0,1445.47,2
116.33,Debit,Branch,27.0,Student,144.0,1.0,1696.15,0
219.44,Debit,Online,42.0,Engineer,22.999999999999996,1.0,4207.27,2
61.62,Debit,Online,57.0,Doctor,18.999999999999996,1.0,8365.37,1
58.77,Debit,Online,27.0,Engineer,191.0,1.0,7261.7,1
538.13,Debit,ATM,62.0,Retired,165.0,1.0,5008.59,2
177.05,Debit,Branch,24.0,Student,235.0,1.0,4287.82,0
719.76,Debit,Branch,19.0,Student,190.0,1.0,690.5199999999999,0
163.22,Debit,Online,26.0,Student,217.0,1.0,1788.27,0
242.85,Debit,Online,42.0,Engineer,93.0,1.0,4672.8,2
56.52,Debit,ATM,42.0,Engineer,151.99999999999997,1.0,6911.2,1
195.8,Debit,Online,39.0,Doctor,186.0,1.0,12027.68,1
190.9,Debit,Online,28.0,Student,40.0,1.0,101.25,0
106.99,Debit,Branch,38.0,Engineer,151.99999999999997,1.0,5771.4,1
430.83,Debit,Branch,18.0,Student,292.0,1.0,941.4899999999999,0
235.34,Debit,Branch,26.0,Student,68.00000000000001,1.0,566.83,0
337.99,Debit,ATM,70.0,Doctor,115.0,1.0,9038.63,2
213.33,Debit,ATM,52.0,Retired,161.0,1.0,5400.44,2
54.52,Debit,Branch,32.0,Doctor,164.0,1.0,6980.98,1
100.13,Debit,Branch,57.0,Doctor,168.00000000000003,1.0,5209.16,2
768.94,Debit,Branch,64.0,Retired,53.00000000000001,1.0,6860.18,2
179.62,Debit,Online,24.0,Student,119.0,1.0,409.26,0
425.91,Debit,ATM,23.0,Student,47.0,1.0,383.58,0
263.34,Debit,ATM,64.0,Retired,55.0,1.0,2411.02,2
11.02,Debit,Online,42.0,Doctor,42.00000000000001,1.0,7879.66,1
865.17,Debit,Branch,24.0,Student,161.0,1.0,9297.5,1
152.0,Debit,ATM,51.0,Engineer,63.0,1.0,7531.429999999999,1
270.39,Debit,ATM,25.0,Student,104.0,1.0,899.15,0
246.40999999999997,Debit,ATM,54.0,Retired,22.999999999999996,1.0,1431.6,2
336.84,Debit,ATM,22.0,Student,100.00000000000001,1.0,4500.26,0
400.69,Debit,Online,32.0,Engineer,26.0,1.0,9040.33,1
411.47,Debit,ATM,26.0,Student,120.0,1.0,796.63,0
204.63,Debit,Online,52.0,Engineer,91.99999999999999,1.0,9199.52,1
421.56,Debit,Online,53.0,Engineer,144.0,1.0,8037.870000000001,1
193.38,Debit,ATM,18.0,Student,285.0,1.0,1081.79,0
377.04,Debit,ATM,34.0,Engineer,64.0,1.0,3812.87,0
18.1,Debit,ATM,57.0,Retired,66.0,1.0,6474.34,2
162.1,Debit,Branch,64.0,Doctor,221.0,1.0,9578.74,1
165.31,Debit,ATM,49.0,Doctor,28.0,1.0,7346.66,1
856.9,Debit,Branch,36.0,Engineer,150.0,1.0,8579.69,1
433.9,Debit,Online,65.0,Doctor,37.0,1.0,9013.1,2
348.17,Debit,ATM,21.0,Student,181.0,1.0,1887.84,0
43.1,Debit,Branch,25.0,Student,102.0,1.0,6944.9,1
325.6,Debit,ATM,69.0,Doctor,88.0,1.0,13777.1,1
603.54,Debit,Online,44.0,Doctor,26.0,1.0,10517.47,1
270.25,Debit,ATM,31.0,Engineer,42.00000000000001,1.0,5414.97,0
123.38,Debit,Online,59.0,Doctor,40.0,1.0,13542.41,1
577.12,Debit,ATM,39.0,Engineer,69.00000000000001,1.0,5265.88,1
92.24,Debit,Branch,60.0,Engineer,93.0,1.0,6937.48,2
251.54000000000002,Debit,Branch,48.0,Doctor,177.0,1.0,254.75,0
28.63,Debit,Branch,56.0,Retired,146.0,1.0,3382.91,2
185.97,Debit,Online,23.0,Student,18.999999999999996,1.0,1776.91,0
